fs_sim,nr_sim,rc_sim,rl_sim
0.1916992041315303,0.6,16.0,33.0
1.1250188583497915,0.4,16.0,29.0
0.340903898872982,1.0,0.0,25.0
0.08192246478237314,0.6,8.0,20.0
0.17564222534808316,0.8,9.0,18.0
0.17564222534808316,0.8,9.0,18.0
0.14574894843433556,1.0,6.0,17.0
0.39848245923695846,1.0,4.0,20.0
0.35018277127924335,1.0,6.0,23.0
0.22472328682657894,0.8,5.0,27.0
0.30985493089640914,0.8,7.0,23.0
0.27738843222474174,0.8,10.0,22.0
0.17687771830043497,0.8,7.0,19.0
0.6535664882150043,0.4,22.0,44.0
0.18472528032125396,0.8,5.0,16.0
0.5035716166997772,0.6,11.0,37.0
0.45398072203564965,0.6,10.0,24.0
0.11312413580354957,1.0,8.0,20.0
0.38867083155251625,1.0,2.0,20.0
0.13131851018582746,0.8,11.0,20.0
0.10493709624137426,1.0,4.0,9.0
0.4989832510873201,0.4,20.0,40.0
0.496687101143389,0.4,20.0,40.0
1.0058992346938775,0.4,22.0,43.0
0.42269140336857636,0.4,18.0,36.0
0.8363390495086924,0.4,22.0,44.0
0.41476885635559857,0.4,16.0,31.0
0.1919524754346183,0.8,9.0,19.0
0.2263114687364307,0.8,7.0,24.0
0.058135637604747215,0.4,22.0,44.0
0.06418296485260772,0.4,20.0,40.0
0.05543512578298643,0.4,20.0,40.0
0.163592507786247,0.8,5.0,16.0
0.9512117346938775,0.4,22.0,43.0
1.167387674000236,0.4,22.0,44.0
0.6523836096938775,0.4,18.0,35.0
0.2601591031149302,0.6,14.0,24.0
0.3629978652300081,0.8,11.0,22.0
0.6916324502415807,0.8,7.0,22.0
0.13357086681822988,1.0,0.0,17.0
0.13174162599822536,1.0,0.0,17.0
0.28777674473403814,0.8,13.0,28.0
0.44773951247165533,0.8,13.0,27.0
0.18309960922571272,0.8,5.0,20.0
0.26292857454717833,0.4,16.0,32.0
0.22570975505586854,0.8,13.0,30.0
0.2401461609233857,0.8,16.0,35.0
0.15442937303379844,0.8,13.0,20.0
0.23327450008665884,0.8,3.0,22.0
0.7473826037925899,0.4,18.0,37.0
0.39733856694143455,0.4,14.0,30.0
0.12555293226562148,0.8,14.0,34.0
0.15829959701271812,0.8,5.0,21.0
0.16999355750446815,1.0,6.0,10.0
0.17561440748005464,1.0,2.0,14.0
0.23411535240446069,1.0,6.0,20.0
0.429452953702142,0.8,8.0,21.0
0.5362368259347534,0.4,18.0,35.0
0.3236670918367347,0.4,20.0,40.0
0.24816078682657894,0.8,10.0,32.0
0.3420942896389325,0.8,10.0,25.0
0.2722061237213089,0.4,16.0,34.0
0.209705227429955,0.4,16.0,32.0
0.24729831726268492,0.4,15.0,34.0
0.3001963064822907,1.0,10.0,20.0
0.4200141675797836,0.6,14.0,21.0
0.47664276917663617,1.0,2.0,18.0
0.3894301254984752,1.0,0.0,16.0
0.16510098007375434,0.6,12.0,27.0
0.3733612953967529,0.4,15.0,31.0
0.3367758070209216,0.6,13.0,26.0
0.2601210313512592,0.4,13.0,29.0
0.36587907340355497,0.6,13.0,30.0
0.2822385204081632,0.6,8.0,32.0
0.8708485590182018,0.4,18.0,36.0
0.12874796657793552,1.0,2.0,22.0
0.12522940347024886,0.4,16.0,28.0
0.32574110216375707,0.6,8.0,22.0
0.10878838563727378,0.6,10.0,26.0
0.3532087761139959,1.0,2.0,15.0
0.33822368989968865,0.8,5.0,21.0
0.09395089959874015,1.0,4.0,6.0
0.2275024955634427,0.8,9.0,20.0
0.5178638325959755,0.4,11.0,28.0
0.10088240431027184,1.0,8.0,15.0
0.3949008580705009,0.4,14.0,29.0
0.14877648694612977,0.4,12.0,23.0
0.3725304266443419,0.6,13.0,29.0
0.49254499593955225,1.0,0.0,18.0
0.3614923875601196,0.6,13.0,29.0
0.373658381035341,0.8,7.0,22.0
0.3547309216239687,0.6,12.0,29.0
0.45607853797256603,0.8,10.0,21.0
0.2503468428943332,0.6,10.0,29.0
0.2849731502189917,0.6,21.0,42.0
0.19975516689726736,1.0,0.0,15.0
0.17095839107247834,1.0,4.0,17.0
0.30125724440261537,1.0,2.0,19.0
0.2549883602544156,0.8,7.0,30.0
1.0149452873254565,0.4,22.0,43.0
0.08571299732014015,0.6,6.0,26.0
0.2069581189913982,0.6,12.0,26.0
0.20902423469387754,0.6,12.0,23.0
0.206130716175359,1.0,6.0,16.0
0.5540714045051983,0.6,16.0,31.0
0.9235186452629833,0.6,16.0,33.0
1.0435830582232892,0.4,22.0,43.0
1.0332237420830401,0.4,22.0,43.0
0.21244463270382774,0.4,16.0,33.0
0.4738479526425955,0.4,16.0,29.0
0.31562044460641403,0.6,13.0,31.0
0.44826034580498864,0.6,13.0,28.0
0.4284914478086317,0.6,15.0,35.0
0.16914651730257324,0.6,8.0,22.0
0.2803107606679035,0.8,12.0,24.0
0.2154089882873067,1.0,4.0,11.0
0.04964923469387755,0.8,3.0,14.0
0.1328067453095888,0.4,12.0,26.0
0.1364419978517723,0.8,11.0,27.0
0.14023492651777691,0.6,14.0,34.0
0.37729346546310827,0.6,13.0,28.0
0.06740563073055311,1.0,6.0,17.0
0.1200487255571685,1.0,2.0,19.0
0.3303235767991407,0.6,8.0,24.0
0.26598446196660486,0.6,10.0,24.0
0.27344731161695446,0.6,6.0,28.0
0.2744615715084989,0.6,6.0,24.0
0.43398068068690887,0.6,13.0,29.0
0.04570653692511484,1.0,4.0,13.0
0.05195186627282489,1.0,6.0,13.0
0.37537332005973123,0.8,7.0,18.0
0.2908923243744672,0.8,9.0,18.0
0.3107124049351644,1.0,8.0,16.0
0.2870835834333733,0.4,18.0,38.0
0.3408523178037971,0.4,15.0,32.0
0.2537818281518215,0.4,18.0,38.0
0.36064923469387755,0.4,15.0,34.0
0.3313981842737095,1.0,2.0,23.0
0.19846938775510203,0.8,13.0,19.0
0.3690947676092381,0.6,12.0,26.0
0.108342568584811,1.0,4.0,19.0
0.08324622639512236,0.8,9.0,16.0
0.35741995661901127,1.0,6.0,20.0
0.15661392079253222,0.6,13.0,37.0
0.2418212643968478,0.4,17.0,38.0
0.33051299873882134,0.8,3.0,28.0
0.37033375850340133,0.6,13.0,28.0
0.3326283413221196,1.0,2.0,16.0
0.19879928581862194,0.8,13.0,20.0
0.21683673469387754,0.8,14.0,28.0
0.2606950267730854,0.6,24.0,45.0
0.14978510425909497,0.6,14.0,26.0
0.23160276872529117,0.6,13.0,30.0
0.24068869092729928,0.6,8.0,21.0
0.14339923469387755,0.6,13.0,27.0
0.0603173381421534,0.6,13.0,27.0
0.12674401491365778,0.6,13.0,28.0
0.061026399196042025,0.6,13.0,25.0
0.5188104189044038,0.4,16.0,29.0
0.11591198979591838,0.8,14.0,25.0
0.11743378753940598,0.6,12.0,21.0
0.25129877050289606,0.8,11.0,19.0
0.13296062604642744,0.6,26.0,44.0
0.24891785171515413,0.8,11.0,19.0
0.21861853293949163,0.6,13.0,24.0
0.29480854841936777,0.6,13.0,35.0
0.14405361503575786,0.6,13.0,28.0
0.36459277051942274,0.4,14.0,33.0
0.26734685680184667,1.0,0.0,21.0
0.29528142778850675,1.0,4.0,19.0
0.23623715335416462,0.8,13.0,24.0
0.15088153316882302,0.6,14.0,26.0
0.1434122014988568,0.6,13.0,27.0
0.14723446196660483,0.6,12.0,22.0
0.11773958650624428,0.6,12.0,30.0
0.21673256802721086,0.8,14.0,28.0
0.26151807705840957,0.6,24.0,45.0
0.07848224870861209,1.0,4.0,6.0
0.37052991651205935,0.4,17.0,37.0
0.35770435891748,0.4,17.0,37.0
0.4233698722777701,0.4,15.0,33.0
0.3108099489795918,0.4,15.0,33.0
0.3036670918367347,0.8,8.0,24.0
0.17582921394698958,0.8,10.0,14.0
0.20173256802721085,0.8,5.0,21.0
0.3327295918367347,0.6,11.0,26.0
0.3084560528756958,0.4,15.0,33.0
0.3802501249015927,0.6,14.0,31.0
0.7374333256029684,0.4,16.0,32.0
0.7479393290335001,0.4,18.0,34.0
0.3151121309474798,0.4,15.0,31.0
0.02805313935919196,1.0,2.0,4.0
0.10297173304805796,0.8,5.0,18.0
0.06013110003415595,1.0,4.0,8.0
0.30947066326530615,0.6,10.0,24.0
0.16822204397222806,0.8,7.0,16.0
0.7058849652874848,0.4,16.0,28.0
0.14388524806474312,0.4,13.0,25.0
0.6532506920929806,0.4,16.0,32.0
0.3181660257386537,0.6,12.0,25.0
0.28652423469387756,0.4,13.0,31.0
0.2648448453809005,0.4,11.0,28.0
0.1877262575154543,0.6,6.0,19.0
0.38468512404961985,0.6,10.0,28.0
0.3063482816146986,0.6,13.0,30.0
0.15676760308846333,0.4,12.0,22.0
0.43201152282947075,0.4,12.0,27.0
0.20648599629725306,0.6,8.0,21.0
0.2773782291842357,0.6,13.0,30.0
0.2783923665620094,0.6,13.0,30.0
0.021524890820525777,0.6,11.0,23.0
0.1237851494547923,0.6,6.0,22.0
0.24242805674901535,0.8,12.0,31.0
0.3151121309474798,0.6,12.0,24.0
0.2722072948031672,0.4,15.0,33.0
0.29681325203491804,0.4,15.0,33.0
0.3605997194584205,1.0,2.0,20.0
0.022335983148446092,0.6,11.0,23.0
0.17423649884482095,0.6,8.0,26.0
0.13456771295474712,0.6,10.0,28.0
0.20333939426834557,0.6,8.0,19.0
0.2697929327548194,0.6,8.0,22.0
0.16878640283547042,0.8,9.0,20.0
0.22274460715437416,0.6,12.0,23.0
0.3985678314241228,0.4,13.0,31.0
0.15594424498194337,0.8,5.0,22.0
0.13232897325596904,0.6,14.0,20.0
0.227970938969412,0.6,13.0,30.0
0.2801449243490499,0.4,15.0,34.0
0.24151104208174035,0.6,8.0,20.0
0.17929106663542244,0.8,7.0,18.0
0.14995650456835452,0.8,5.0,24.0
0.38360630156317843,0.6,6.0,24.0
0.3654591459364811,1.0,8.0,18.0
0.3127049927113702,0.6,8.0,21.0
0.18998724489795915,0.8,11.0,23.0
0.3336407991110555,0.6,8.0,24.0
0.3141712935174069,0.8,8.0,22.0
0.35280747937472856,0.8,5.0,24.0
0.30852377625866967,0.8,11.0,27.0
0.3255183175341142,0.6,12.0,29.0
0.2910865689113842,1.0,4.0,15.0
0.20323719765684045,0.8,9.0,25.0
0.2581065759637188,0.6,13.0,20.0
0.25011219765684045,0.8,9.0,21.0
0.08685345280087342,0.8,10.0,23.0
0.3191868709336596,0.8,7.0,24.0
0.6179356357927787,1.0,4.0,21.0
0.46534445941297864,0.6,14.0,25.0
0.4796167202430105,0.6,12.0,25.0
0.2508704990616937,0.8,12.0,23.0
0.4551400539029171,0.6,9.0,27.0
0.2572433207153829,0.4,15.0,32.0
0.2604803865263383,0.4,15.0,32.0
0.3062117346938775,0.8,11.0,19.0
0.2562086406344716,0.4,13.0,26.0
0.13457950328891888,1.0,0.0,16.0
0.13975775979848004,1.0,0.0,16.0
0.23825550084374836,0.4,22.0,43.0
0.541781151689925,0.4,22.0,43.0
0.7553205309901738,0.4,22.0,43.0
0.5498303941141673,0.6,12.0,31.0
0.15092764378478662,1.0,4.0,16.0
0.1352047902494331,0.6,17.0,28.0
0.3317651985492992,0.6,8.0,20.0
0.15193549010513296,0.6,8.0,15.0
0.2674919766293614,0.6,13.0,27.0
0.26398746998799516,0.6,14.0,23.0
0.13888690285531247,0.6,17.0,28.0
0.17119103076013015,0.8,7.0,17.0
0.3639155390417036,0.6,13.0,26.0
0.17359886934940988,0.8,5.0,20.0
0.136888260389809,0.8,5.0,20.0
0.1444708466035285,0.6,11.0,28.0
0.09715448679471789,0.8,7.0,27.0
0.3840242346938776,0.4,14.0,29.0
0.3023507929594602,1.0,4.0,23.0
0.3278739687364307,0.6,6.0,24.0
0.10492186843873352,1.0,6.0,22.0
0.07768760738381592,0.6,7.0,16.0
0.08049078033703105,0.6,7.0,16.0
0.11896253941490753,0.8,11.0,21.0
0.10738185228078961,0.8,5.0,14.0
0.3153885639621702,0.8,11.0,20.0
0.20328212806861878,0.8,7.0,14.0
0.31644090136054426,0.6,6.0,24.0
0.1882606013716962,1.0,2.0,15.0
0.17364871494335782,0.8,9.0,17.0
0.7896866278562706,0.4,18.0,33.0
0.7969479635074368,0.4,18.0,38.0
0.21683673469387754,0.4,16.0,35.0
0.22651415404871622,0.8,12.0,24.0
0.1660894520851819,0.8,8.0,26.0
0.2045811067317922,0.8,11.0,23.0
0.12024582560296843,0.8,13.0,29.0
0.46942447128693743,0.8,13.0,30.0
0.19339923469387754,0.8,7.0,21.0
0.376261206989392,0.8,10.0,31.0
0.28249497937472856,0.8,11.0,22.0
0.16751931750961252,1.0,6.0,16.0
0.6724501606198034,0.8,7.0,24.0
0.3080357142857143,1.0,0.0,19.0
0.3018914663322956,0.4,17.0,37.0
0.20596479413443702,0.6,16.0,29.0
0.34774374688899945,0.4,14.0,28.0
0.41734950559171036,0.4,15.0,34.0
0.4790955771376074,0.4,15.0,34.0
0.1332157863145258,0.8,3.0,19.0
0.45131875524182274,0.8,3.0,17.0
0.358733537019459,1.0,0.0,16.0
0.11420963825781882,0.8,11.0,22.0
0.8831096005475361,0.4,16.0,29.0
0.17443896787253188,0.6,13.0,28.0
0.41652423469387756,0.6,14.0,27.0
0.4826499877059257,0.4,15.0,34.0
0.3302742346938775,0.8,12.0,26.0
0.0806377003591136,0.6,6.0,21.0
0.3656843396807542,1.0,10.0,23.0
0.526027116538258,1.0,4.0,14.0
0.5425638386542736,0.6,10.0,26.0
0.626740062032007,0.6,10.0,25.0
0.3396380071489674,0.6,8.0,25.0
0.23981803031431548,0.6,10.0,22.0
0.12282190418540295,0.6,6.0,23.0
0.4773169176207068,0.6,13.0,28.0
0.41747395536426857,0.6,13.0,26.0
0.08222268258744736,0.4,13.0,28.0
0.19386185933072703,0.4,13.0,23.0
0.2068430798715425,0.6,10.0,23.0
0.3465242346938775,0.4,13.0,28.0
0.17267050847823273,0.8,7.0,14.0
0.19885728263908298,0.6,8.0,23.0
0.34037038854003143,0.6,13.0,29.0
0.2962495094191523,1.0,0.0,15.0
0.29451274044100395,0.8,8.0,25.0
0.7528792767106842,0.8,7.0,26.0
0.38790354503870517,0.8,10.0,24.0
0.22774475356180202,0.6,6.0,22.0
0.1729413858566683,1.0,6.0,16.0
0.37464923469387756,0.6,12.0,29.0
0.34802819722990064,1.0,4.0,18.0
0.12913293034605144,0.6,13.0,28.0
0.43053784013605445,0.6,13.0,30.0
0.276266835449545,1.0,4.0,19.0
0.39571517320520444,0.6,12.0,31.0
0.3310480442176871,0.6,10.0,20.0
0.34377194111589593,0.6,13.0,31.0
0.39415830409450847,0.6,13.0,28.0
0.36304544340258627,1.0,0.0,20.0
0.03971979921000657,1.0,4.0,9.0
0.3692515074211503,1.0,4.0,14.0
0.14016054791481813,0.8,5.0,24.0
0.15652959553386575,0.8,5.0,19.0
0.1856515687187738,0.6,12.0,26.0
0.2895530808477237,0.8,7.0,18.0
0.1838202719899148,0.6,17.0,29.0
0.4560034013605442,0.6,14.0,28.0
0.3355486249377799,0.8,12.0,22.0
0.40366709183673466,1.0,4.0,17.0
0.3524943839476089,1.0,10.0,19.0
0.2294922776803029,1.0,2.0,18.0
0.37738799873882134,0.8,5.0,22.0
0.2777670176038083,1.0,10.0,18.0
0.11923077975825525,1.0,2.0,18.0
0.13725516689726736,0.8,9.0,18.0
0.13634529278516383,0.8,9.0,18.0
0.06139492434904997,1.0,6.0,25.0
0.40233818818224965,0.6,12.0,32.0
0.23268611458943889,0.8,8.0,24.0
0.36633847617994564,0.8,5.0,25.0
0.3823732912976511,0.8,5.0,20.0
0.3417194298890728,1.0,4.0,21.0
0.10272081589045873,0.8,13.0,16.0
0.12555293226562148,0.8,3.0,21.0
0.302173273155416,0.8,13.0,28.0
0.47274374688899945,0.6,13.0,28.0
0.3459289965986394,1.0,0.0,16.0
0.3598750200341917,0.4,13.0,26.0
0.3543367346938775,0.6,8.0,23.0
0.2850081997084548,0.6,8.0,22.0
0.3431705761572922,0.6,8.0,25.0
0.3411545163840184,0.8,13.0,27.0
0.34350457177252924,0.8,17.0,29.0
0.32219637156538594,0.6,8.0,22.0
0.4543367346938776,0.6,12.0,30.0
0.28239693054641213,1.0,4.0,16.0
0.4065913487878373,0.6,13.0,29.0
0.5151795377241806,0.4,15.0,33.0
0.21733581331795615,0.6,8.0,23.0
0.07433068758591521,0.6,13.0,30.0
0.19010391478866429,0.4,14.0,28.0
0.18049260927775368,0.4,13.0,30.0
0.21631987718751622,0.6,8.0,23.0
0.1907469540934157,0.4,14.0,28.0
0.17892219387755104,0.4,13.0,30.0
0.14616105291674192,0.4,12.0,24.0
0.38370372187336477,0.6,13.0,29.0
0.20512777479412814,0.6,8.0,25.0
0.2695188871002947,0.6,13.0,32.0
0.30924612818500186,0.4,14.0,34.0
0.3573868545021842,0.6,12.0,31.0
0.05861913947093317,0.6,8.0,22.0
0.2603453729052596,0.6,8.0,22.0
0.0746702684773698,0.8,5.0,16.0
0.1524204611089719,0.4,12.0,25.0
0.26371173469387754,0.8,5.0,19.0
0.15123711172403997,0.8,15.0,25.0
0.18086912227417734,0.8,7.0,16.0
0.33457088192419826,1.0,0.0,16.0
0.2499725105559465,0.6,11.0,24.0
0.4304963601294176,0.6,13.0,29.0
0.31807789793295205,1.0,0.0,17.0
0.328476897415771,0.6,14.0,32.0
0.17064470377703317,1.0,4.0,15.0
0.18259251663220355,1.0,8.0,15.0
0.5103710360406789,1.0,6.0,19.0
0.11484675391895888,0.8,9.0,16.0
0.2834289965986394,0.4,14.0,35.0
0.3013992346938775,0.4,14.0,30.0
0.26924334388927984,0.6,8.0,20.0
0.33709656615455175,0.6,6.0,24.0
0.2877368043317605,0.8,3.0,17.0
0.36439257325187124,0.8,3.0,26.0
0.3531497910736995,1.0,2.0,15.0
0.4109473116169544,0.8,5.0,21.0
0.3033338693643647,0.4,14.0,35.0
0.29909029160444667,0.4,14.0,30.0
0.3422428891281283,0.4,15.0,31.0
0.23901753228100886,0.6,12.0,31.0
0.3505075093417649,0.8,8.0,22.0
0.14108493314177112,0.8,3.0,24.0
0.3035490280823073,1.0,8.0,15.0
0.3030339299847362,1.0,8.0,15.0
0.43891177794647274,0.6,12.0,27.0
0.32966376957759846,1.0,2.0,18.0
0.1122014146567718,0.8,9.0,22.0
0.3696512705244964,0.6,13.0,26.0
0.147668399453603,0.6,12.0,23.0
0.19257242583858597,0.8,9.0,18.0
0.41652423469387756,0.4,14.0,31.0
0.39735479947793073,0.6,12.0,29.0
0.32316241133205414,1.0,4.0,16.0
0.39267006802721083,0.6,13.0,29.0
0.3461971998101566,1.0,7.0,20.0
0.1442544978517723,0.8,9.0,23.0
0.39411265913117655,1.0,2.0,21.0
0.15794755402160865,0.8,3.0,24.0
0.25287277072991354,1.0,0.0,13.0
0.28353618989968865,1.0,0.0,17.0
0.1220797902494331,0.6,17.0,28.0
0.3318183523409364,0.6,14.0,28.0
0.29899676216640503,0.8,9.0,19.0
0.2843195102844287,1.0,4.0,18.0
0.12152423469387752,0.8,5.0,17.0
0.37834241651205935,0.8,11.0,25.0
0.32439487422876123,1.0,6.0,23.0
0.21459354162457056,0.6,12.0,30.0
0.14172127184207017,0.6,8.0,16.0
0.3735180997245524,0.8,11.0,28.0
0.17524714695603394,0.8,7.0,26.0
0.31319090136054417,1.0,0.0,19.0
0.0882430247203484,0.8,3.0,21.0
0.45680792263714,0.6,12.0,29.0
0.18342140764287979,1.0,6.0,10.0
0.1107865512557224,1.0,0.0,14.0
0.25885531577495857,1.0,4.0,21.0
0.13101220028370092,0.4,15.0,31.0
0.13216894712430427,0.6,13.0,23.0
0.38856245125438704,0.8,7.0,23.0
0.053523113790970966,1.0,4.0,13.0
0.06928143982432372,0.6,11.0,27.0
0.05975202581032413,0.8,3.0,18.0
0.9021892228455364,0.4,16.0,32.0
0.9017213913462381,0.4,16.0,31.0
0.899219376615275,0.4,16.0,32.0
0.34862004307711103,0.6,10.0,25.0
0.3427859169368682,0.6,13.0,28.0
0.35357944941780395,0.6,10.0,26.0
0.3855867346938775,0.8,7.0,28.0
0.16027957657421943,0.8,5.0,19.0
0.16149133995703546,1.0,6.0,12.0
0.11497842488059057,1.0,8.0,19.0
0.18325489918189497,1.0,4.0,13.0
0.3304335313512592,0.8,10.0,29.0
0.4536670918367347,0.4,14.0,32.0
0.22166259862476306,0.8,10.0,24.0
0.5080626962323391,0.4,15.0,31.0
0.10660076530612245,1.0,0.0,8.0
0.41756800573764863,0.6,12.0,32.0
0.1586121467817896,0.6,13.0,29.0
0.3647652770391544,0.6,13.0,27.0
0.12733878273531635,0.8,5.0,18.0
0.08594444722333378,1.0,6.0,16.0
0.43938137755102036,0.6,10.0,21.0
0.0638924319727891,1.0,2.0,8.0
0.3216010789561726,1.0,4.0,20.0
0.3030339299847362,1.0,0.0,16.0
0.25756071659433,1.0,2.0,20.0
0.04108057837696105,1.0,2.0,4.0
0.2503413487878373,0.8,9.0,22.0
0.21480185097294735,0.8,3.0,26.0
0.17735056332728316,0.8,5.0,18.0
0.089844750661771,0.8,11.0,16.0
0.4363547431684538,0.8,8.0,24.0
0.25359268707482996,1.0,0.0,16.0
0.7700060160703959,0.4,16.0,32.0
0.3029974489795918,0.6,14.0,25.0
0.4532877836449265,0.4,16.0,30.0
0.3274359156055584,1.0,0.0,16.0
0.17753385007849287,0.8,3.0,24.0
0.18590489080247485,0.8,3.0,27.0
0.48512043888235923,1.0,6.0,12.0
0.09846153135167113,0.6,6.0,18.0
0.08318271551359135,1.0,4.0,10.0
0.35499329006847036,0.4,15.0,34.0
0.503451945537251,0.8,5.0,23.0
0.3482786206587898,1.0,0.0,19.0
0.10221246743378204,0.8,9.0,20.0
0.07741179314338154,1.0,2.0,4.0
0.12452516486944126,0.8,5.0,19.0
0.13525428788536692,1.0,2.0,22.0
0.5251184838951555,0.4,16.0,31.0
0.4864522922478344,0.4,15.0,34.0
0.39652423469387754,0.8,3.0,28.0
0.07178322717976082,1.0,7.0,17.0
0.0842793367346939,0.6,12.0,26.0
0.0776234925788497,0.6,13.0,26.0
0.07973388218923932,1.0,2.0,4.0
0.3716795141969831,0.8,7.0,20.0
0.22689570912634718,0.4,16.0,31.0
0.42638771592254643,0.4,15.0,32.0
0.1522871969300541,1.0,10.0,14.0
0.01867828676534994,1.0,4.0,15.0
0.29371173469387757,1.0,0.0,20.0
0.04870656940462137,1.0,2.0,11.0
0.008685750011164173,0.8,9.0,21.0
0.1074247532711115,1.0,6.0,19.0
0.34339923469387756,0.6,13.0,27.0
0.180515462764053,0.8,9.0,23.0
0.3246492346938775,0.4,15.0,31.0
0.08144050889586607,1.0,4.0,12.0
0.33111823738929536,0.6,13.0,23.0
0.08444405671073463,1.0,0.0,15.0
0.2508547999619428,0.6,12.0,27.0
0.1612332864180155,0.8,3.0,22.0
0.10103641931456125,1.0,4.0,10.0
0.06574873539159254,1.0,6.0,14.0
0.13546228779122266,0.8,12.0,22.0
0.22345925125016897,1.0,6.0,11.0
0.24326845275555153,1.0,4.0,11.0
0.2772986912156167,0.8,3.0,20.0
0.2710371711028551,1.0,0.0,16.0
0.23573554421768705,1.0,4.0,19.0
0.14505415513663095,1.0,8.0,19.0
0.08234762065203438,0.8,9.0,18.0
0.19703636934940988,1.0,6.0,18.0
0.3383118336384686,0.8,13.0,18.0
0.4755205172217586,0.4,15.0,34.0
0.20902423469387754,0.6,13.0,19.0
0.13026292247668297,0.6,13.0,26.0
0.13534493780029494,0.4,15.0,33.0
0.4735919038668098,0.4,15.0,34.0
0.11240571417551903,0.6,6.0,20.0
0.13992701247165534,0.6,6.0,24.0
0.10929427995047392,1.0,0.0,6.0
0.3501170490651351,0.6,6.0,25.0
0.37296800369083805,0.8,3.0,29.0
0.1043075763708406,1.0,8.0,18.0
0.1288459172977367,0.6,10.0,24.0
0.1295872343782874,0.6,6.0,26.0
0.3508329468150897,1.0,0.0,16.0
0.6995196263989467,0.4,18.0,33.0
0.4214383240409566,0.8,8.0,23.0
0.062195743472061304,1.0,8.0,12.0
0.08412736105080332,1.0,6.0,12.0
0.13867670106159052,0.8,13.0,16.0
0.11981483298447582,0.8,7.0,19.0
0.08141899796831487,1.0,6.0,13.0
0.28763148778029735,0.8,7.0,20.0
0.3646153491517089,1.0,0.0,17.0
0.3564367711370262,0.8,3.0,24.0
0.2201353458049886,0.6,11.0,28.0
0.14126486222242202,0.4,15.0,34.0
0.11735720307436281,1.0,0.0,4.0
0.39152423469387754,0.6,16.0,22.0
0.11226299272385615,0.6,10.0,32.0
0.2830798243744672,0.8,7.0,24.0
0.15161645868538498,1.0,6.0,16.0
0.46285076530612246,0.8,5.0,24.0
0.3568900883524141,0.6,13.0,31.0
0.2653335701369155,1.0,2.0,19.0
0.068335997373633,1.0,6.0,4.0
0.42430201247165533,0.6,13.0,31.0
0.12711795962926659,1.0,2.0,21.0
0.42672557697575675,0.6,13.0,31.0
0.14881781267552896,0.8,13.0,15.0
0.1365233316778039,0.4,13.0,30.0
0.3694344514121438,0.6,10.0,26.0
0.1462302484284853,1.0,8.0,11.0
0.423241384864526,0.6,13.0,26.0
0.2756909013605442,0.8,10.0,25.0
0.4033269557823129,0.6,11.0,25.0
0.3982134238830667,0.6,11.0,32.0
0.2936670918367347,0.6,12.0,31.0
0.2863547431684538,0.8,12.0,28.0
0.4730925003765344,0.6,12.0,31.0
0.4067982072966173,0.6,12.0,27.0
0.3200536464585835,0.6,12.0,30.0
0.46622683692436084,0.6,14.0,28.0
0.40584626859218265,0.6,11.0,29.0
0.30305918910117235,0.4,14.0,31.0
0.27188036005000293,0.6,12.0,31.0
0.26159272784456244,0.6,12.0,30.0
0.22197180502635838,0.6,8.0,26.0
0.0659167580583635,0.6,13.0,25.0
0.08796567613531897,0.6,12.0,26.0
0.07316618384641993,0.6,12.0,28.0
0.2644586662184254,0.6,12.0,29.0
0.484985773155416,0.6,9.0,24.0
0.0660422546678246,1.0,4.0,9.0
0.3722767430550815,0.6,12.0,29.0
0.11141129123489751,1.0,8.0,16.0
0.40525439342403624,0.4,11.0,26.0
0.39337958060582723,0.8,5.0,18.0
0.08626848682510979,1.0,6.0,12.0
0.12503147718314794,1.0,2.0,19.0
0.3813485158440373,0.8,8.0,25.0
0.8435812735288291,0.4,16.0,30.0
0.12507298752834467,0.4,15.0,34.0
0.16818788203687274,0.6,9.0,24.0
0.3516524398220827,0.6,11.0,29.0
0.11523927943660683,0.6,13.0,27.0
0.05757544763188294,0.6,11.0,22.0
0.46755744502598084,0.6,12.0,31.0
0.4056604473184623,0.6,12.0,27.0
0.14591712686218655,0.4,15.0,31.0
0.08591817408781693,0.8,5.0,15.0
0.09606551909754729,0.8,5.0,17.0
0.14125452117466708,0.6,12.0,29.0
0.09594952205019935,0.8,5.0,18.0
0.11680105236248989,1.0,8.0,18.0
0.08441039833364539,0.8,12.0,28.0
0.130571558093436,0.8,7.0,29.0
0.2095924165120594,0.8,11.0,18.0
0.12561672275293095,0.8,9.0,17.0
0.10247154417322485,1.0,6.0,12.0
0.10730854841936771,0.8,9.0,19.0
0.6743020124716552,0.4,18.0,37.0
0.3437292036379769,0.4,14.0,29.0
0.26537669371027095,0.4,14.0,30.0
0.5183214090233794,0.6,13.0,25.0
0.34528199866903286,0.8,11.0,26.0
0.11461547118847543,0.6,12.0,24.0
0.12432069849097771,0.8,9.0,20.0
0.10997230048735912,1.0,8.0,13.0
0.23422803904170364,0.8,5.0,18.0
0.364048273155416,0.4,16.0,28.0
0.11943823830828226,1.0,6.0,15.0
0.3549446374294398,0.8,9.0,19.0
0.12668055254016503,0.8,9.0,16.0
0.5797226152606791,0.4,11.0,29.0
0.455711513845821,0.6,13.0,29.0
0.36212056496910694,1.0,0.0,21.0
0.4827017090966079,0.4,11.0,28.0
0.328468679138322,1.0,0.0,19.0
0.3003703885400314,0.8,6.0,26.0
0.11446366853192891,0.6,10.0,26.0
0.08589327089896365,1.0,0.0,10.0
0.27929667059131347,0.6,10.0,20.0
0.09403982580016823,0.6,10.0,23.0
0.5003504272733829,0.8,7.0,28.0
0.38422915272666447,0.6,13.0,29.0
0.0704415358161003,1.0,4.0,12.0
0.09575932883613697,0.8,7.0,23.0
0.13188459505423789,0.8,9.0,16.0
0.2998170735685578,0.6,10.0,20.0
0.5290287149806159,0.6,9.0,28.0
0.3733612953967529,0.6,13.0,29.0
0.08785076530612246,1.0,6.0,16.0
0.09073476100966704,0.8,15.0,23.0
0.13014868884234915,0.8,11.0,16.0
0.1747911120970127,0.6,13.0,24.0
0.13188459505423789,0.8,5.0,19.0
0.12763534580498864,0.8,5.0,19.0
0.08701927971853929,1.0,4.0,9.0
0.4085932002111189,0.4,14.0,33.0
0.6523836096938775,0.8,10.0,17.0
0.1509490134549395,0.6,8.0,22.0
0.1510904447395397,0.6,8.0,20.0
0.177576449883751,0.8,9.0,20.0
0.2025937985759414,0.4,12.0,25.0
0.177576449883751,0.8,9.0,22.0
0.45338344047005086,0.6,12.0,28.0
0.084124300870976,0.8,9.0,23.0
0.08031418903177706,0.6,8.0,22.0
0.16894575935755463,0.6,14.0,25.0
0.124202806122449,0.6,13.0,27.0
0.1698887206751859,0.6,13.0,24.0
0.4117269373965803,0.6,12.0,29.0
0.14182062438754206,0.8,9.0,17.0
0.07639243197278911,1.0,8.0,12.0
0.07874645691609977,0.8,11.0,15.0
0.3680471220178212,0.6,8.0,25.0
0.09408720782239144,1.0,4.0,9.0
0.109109268707483,0.6,12.0,25.0
0.4339977516430301,0.4,12.0,27.0
0.4816496827225514,0.6,13.0,28.0
0.36059609098130274,1.0,0.0,16.0
0.14357365687238755,0.6,13.0,30.0
0.10384859610872549,1.0,2.0,18.0
0.11768353174603174,0.8,3.0,23.0
0.10846926640635113,0.8,5.0,17.0
0.10366709183673473,1.0,6.0,13.0
0.10944289498095888,0.8,9.0,17.0
0.17198417728260407,0.8,5.0,19.0
0.0603564342403628,0.4,15.0,30.0
0.0703238171573431,0.8,9.0,21.0
0.09157522841772692,0.8,9.0,25.0
0.4304963601294176,0.6,12.0,29.0
0.1115576618578466,1.0,8.0,17.0
0.42840342932475006,0.6,12.0,26.0
0.22324649155173293,0.6,17.0,33.0
0.05962495885450958,0.6,12.0,27.0
0.07959085341184935,1.0,6.0,16.0
0.1467072675482749,0.6,12.0,29.0
0.10167429471788714,0.4,12.0,32.0
0.07472291142484394,0.6,12.0,27.0
0.13756340898428338,0.8,5.0,18.0
0.11761631178167198,0.8,7.0,21.0
0.20498194613666365,0.8,7.0,22.0
0.15855717286914767,0.8,9.0,20.0
0.13586098411651032,0.8,3.0,22.0
0.12052030957310461,0.6,6.0,28.0
0.32519271295474705,0.6,13.0,29.0
0.11550174845218986,1.0,8.0,12.0
0.16101318883257998,0.8,13.0,18.0
0.1495463540354413,0.8,9.0,22.0
0.1897752545073974,0.6,10.0,30.0
0.20440275582063816,1.0,4.0,20.0
0.14645353666870908,0.6,12.0,26.0
0.0791298350735643,1.0,6.0,17.0
0.3696011577708006,0.8,5.0,21.0
0.4547679622924439,0.6,12.0,30.0
0.05000035828938315,1.0,4.0,15.0
0.14004017467475788,0.8,9.0,17.0
0.4145667835538124,0.6,12.0,29.0
0.10139243197278913,1.0,0.0,6.0
0.118097017982782,0.6,12.0,29.0
0.11958365713835206,0.6,12.0,29.0
0.07851255886970171,0.8,5.0,17.0
0.1258715986394558,1.0,6.0,20.0
0.09492623700423569,1.0,8.0,16.0
0.13257553594832427,1.0,8.0,17.0
0.1289050235478807,1.0,6.0,12.0
0.1408681260965925,0.8,13.0,17.0
0.0930026091239099,1.0,8.0,18.0
0.2080067928334124,1.0,6.0,19.0
0.18353081364124596,1.0,6.0,16.0
0.1848885963960052,1.0,6.0,12.0
0.15008480785931394,1.0,4.0,16.0
0.14735395266754153,0.8,5.0,19.0
0.2826202491866312,0.8,7.0,18.0
0.33236381235055334,1.0,2.0,20.0
0.2949405626071566,0.8,9.0,23.0
0.28125,0.8,9.0,22.0
0.09545446797872825,0.4,14.0,31.0
0.10394537405357623,0.4,14.0,30.0
0.21440252416756173,0.6,8.0,24.0
0.13495016061980347,0.6,6.0,22.0
0.06428466448307718,0.8,9.0,20.0
0.3699617346938775,0.6,13.0,27.0
0.11669691915227631,1.0,0.0,8.0
0.32145134839650147,0.6,13.0,29.0
0.1975234299728475,0.8,5.0,23.0
0.13416720855008668,1.0,2.0,13.0
0.21594021830043497,0.8,9.0,14.0
0.35522959183673464,0.4,13.0,30.0
0.8776823229291717,0.4,16.0,32.0
0.3649022108843537,0.4,13.0,31.0
0.100485173908273,1.0,4.0,12.0
0.3440926237516283,0.6,8.0,22.0
0.8429570177127454,0.4,16.0,31.0
0.46587416306063967,0.6,12.0,29.0
0.3471444637015111,0.4,13.0,26.0
0.41574546485260766,0.4,15.0,31.0
0.27152423469387754,0.6,13.0,28.0
0.3769163915566226,0.6,13.0,28.0
0.08970065959787721,1.0,6.0,12.0
0.09695526917663616,0.8,13.0,18.0
0.42430201247165533,0.6,13.0,28.0
0.34224791890440387,1.0,2.0,16.0
0.41654518950437314,0.4,14.0,33.0
0.33953335323491096,1.0,4.0,19.0
0.04316139114208051,1.0,6.0,12.0
0.22569839536534042,0.6,11.0,27.0
0.11210449664940603,1.0,2.0,4.0
0.2846457816552035,1.0,0.0,16.0
0.0641300830033506,1.0,8.0,13.0
0.26849315545890484,1.0,0.0,16.0
0.13833816400780685,0.8,7.0,19.0
0.6530389772187944,1.0,6.0,20.0
0.16787840136054422,1.0,4.0,26.0
0.4289895124716553,0.6,12.0,42.0
0.3396380071489674,1.0,4.0,18.0
0.29652423469387756,0.4,15.0,33.0
0.31018789835754124,0.6,14.0,29.0
0.32520291337255625,0.4,13.0,30.0
0.1870647752344181,0.6,13.0,27.0
0.14530080068940326,0.4,12.0,29.0
0.13720746450754212,0.4,12.0,25.0
0.3590990849932787,1.0,2.0,19.0
0.06968212943071966,0.6,12.0,25.0
0.43891177794647274,0.6,12.0,28.0
0.11218704849196315,1.0,6.0,12.0
0.43590779633771315,0.6,12.0,31.0
0.0841322298370149,1.0,8.0,14.0
0.3624333256029685,0.6,12.0,23.0
0.3342075191513556,0.8,7.0,17.0
0.25876913265306123,0.6,13.0,26.0
0.36006590136054417,0.4,12.0,25.0
0.2183191064887493,0.4,12.0,28.0
0.4199870178653986,0.6,12.0,28.0
0.6973372428239588,0.4,16.0,30.0
0.23511282328246608,0.4,16.0,30.0
0.3398149695181587,0.6,9.0,20.0
0.39908396165633486,0.6,11.0,23.0
0.5195711096938775,0.4,16.0,31.0
0.4015577917408574,0.6,11.0,23.0
0.5620414760731879,0.6,11.0,29.0
0.11648563372717508,1.0,8.0,15.0
0.35512296080852723,1.0,0.0,19.0
0.3777554659251088,1.0,10.0,20.0
0.18223852040816324,0.6,10.0,27.0
0.5538307293557992,0.6,14.0,24.0
0.7725084866623815,0.4,16.0,29.0
0.440688775510204,0.6,12.0,29.0
0.8362563775510203,0.4,16.0,28.0
0.7973506809748694,0.4,16.0,31.0
0.3569672726685611,0.4,15.0,34.0
0.3576353458049887,0.4,15.0,31.0
0.3003703885400314,0.6,13.0,32.0
0.30047903695376454,0.6,13.0,32.0
0.8083499608349565,0.4,18.0,35.0
0.3818183523409364,0.4,15.0,34.0
0.4177106753718437,0.4,15.0,31.0
0.40319090136054425,0.4,15.0,31.0
0.28488901456809135,0.6,13.0,30.0
0.32403902759328584,0.6,13.0,30.0
0.18597095600535296,0.6,12.0,25.0
0.7752371059810061,0.4,16.0,29.0
0.3126873766878352,0.4,14.0,34.0
0.40091019960615826,0.4,15.0,31.0
0.37238630365939474,0.4,15.0,34.0
0.2682633651286601,0.4,15.0,31.0
0.2669510639621703,0.6,13.0,30.0
0.4012305599950824,0.4,14.0,31.0
0.2741518623215051,0.4,15.0,34.0
0.6425072812525819,0.4,14.0,29.0
0.37729346546310827,0.4,15.0,34.0
0.4163917843627517,0.4,15.0,31.0
0.7632755037294106,0.4,16.0,29.0
0.27387007919789896,0.4,15.0,34.0
0.2815817059582454,0.4,15.0,31.0
0.2743651437847866,0.4,15.0,31.0
0.759824727304715,0.4,16.0,28.0
0.13666031237440268,0.8,9.0,18.0
0.17918530297581586,0.6,13.0,32.0
0.1560822607242463,0.8,9.0,16.0
0.19891504794688963,0.8,10.0,22.0
0.4949960753532182,0.6,13.0,27.0
0.23814727134309222,0.8,9.0,20.0
0.40381240583481715,0.6,12.0,27.0
0.3747700910474687,1.0,2.0,18.0
0.18157096366584013,0.8,5.0,29.0
0.48465373109675525,0.6,13.0,28.0
0.36948824984539275,1.0,0.0,21.0
0.19979299982704946,0.8,9.0,21.0
0.3324499273890916,1.0,4.0,19.0
0.22151168449307435,0.6,12.0,19.0
0.8153838838166845,0.4,16.0,30.0
0.4015674623595836,0.4,15.0,31.0
0.4914207790624783,0.6,13.0,26.0
0.2421404524924724,0.6,13.0,30.0
0.8326228894023977,0.4,18.0,35.0
0.27370627958165805,0.4,15.0,31.0
0.42008046569691704,0.4,15.0,31.0
0.2877159445384371,0.6,13.0,30.0
0.3830620171797533,0.4,15.0,31.0
0.2599651406884279,0.4,15.0,31.0
0.852406587635054,0.4,18.0,35.0
0.3331727360562754,0.4,15.0,33.0
0.40944216782457665,0.4,15.0,31.0
0.36226767492711365,0.4,15.0,31.0
0.2781731708640903,0.6,13.0,30.0
0.2842247694532358,0.6,13.0,29.0
0.2990242346938775,0.6,13.0,30.0
0.7860066951681859,0.4,16.0,34.0
0.782887871057514,0.4,16.0,29.0
0.4018461011788912,0.4,14.0,31.0
0.33005102040816325,0.4,14.0,34.0
0.4068416950113378,0.4,15.0,31.0
0.3908424165120593,0.4,15.0,31.0
0.4104159147581862,0.4,15.0,31.0
0.2843573803395232,0.6,13.0,31.0
0.27090234414661385,0.6,13.0,30.0
0.32967920044730215,0.4,14.0,34.0
0.4220660303595122,0.4,15.0,34.0
0.09809506315943195,0.8,7.0,26.0
0.18070804271075513,0.6,12.0,23.0
0.2770120395719263,0.8,10.0,24.0
0.2829903416590517,1.0,2.0,18.0
0.4629799308964092,0.6,13.0,28.0
0.5026645855710705,0.6,13.0,29.0
0.32990154340100153,1.0,0.0,17.0
0.2845161969998642,0.8,8.0,23.0
0.2927167634295097,0.4,13.0,31.0
0.4471377316263929,0.6,13.0,28.0
0.33003487299174983,1.0,0.0,18.0
0.2758774685247233,1.0,0.0,18.0
0.07837756752423708,1.0,4.0,9.0
0.2785309611512766,1.0,8.0,20.0
0.2232061614454699,0.8,5.0,20.0
0.22871792281268943,0.8,9.0,15.0
0.20625361613717652,1.0,4.0,12.0
0.26081821617535905,0.8,3.0,27.0
0.17820666089313952,0.8,9.0,14.0
0.38033184642572115,0.4,15.0,33.0
0.2969001745435016,1.0,2.0,21.0
0.3092214434317416,1.0,8.0,20.0
0.3700261676835682,1.0,0.0,17.0
0.2972091662007269,0.6,10.0,26.0
0.18143940558150973,0.4,16.0,32.0
0.20834636050732658,1.0,6.0,21.0
0.23561414697457927,0.8,13.0,25.0
0.7883511577708007,0.4,16.0,29.0
0.1090319476165918,0.8,5.0,18.0
0.1622890209761837,0.8,13.0,19.0
0.4341348541629041,0.6,13.0,30.0
0.2742614609712498,0.4,14.0,33.0
0.32964111781076066,1.0,7.0,20.0
0.2718197429681092,0.8,13.0,26.0
0.10093740790540046,1.0,2.0,19.0
0.38023528285251773,0.6,12.0,31.0
0.10169083560489223,1.0,6.0,17.0
0.27933673469387754,1.0,4.0,23.0
0.274749770886907,0.4,12.0,27.0
0.19339923469387754,0.6,10.0,22.0
0.17278473889555823,0.8,11.0,30.0
0.2921208256029685,0.6,6.0,22.0
0.21010069607174808,0.8,7.0,15.0
0.4447438192636105,0.6,12.0,28.0
0.37687961068332343,1.0,4.0,20.0
0.2386012877084306,0.8,11.0,24.0
0.410134549880124,0.6,11.0,32.0
0.22370503391415042,1.0,0.0,20.0
0.3266317615755979,1.0,0.0,16.0
0.26066468253968256,0.8,7.0,24.0
0.3792828553835327,0.4,14.0,32.0
0.13981925385096566,0.8,5.0,19.0
0.25696112789776104,0.8,12.0,28.0
0.33973572294453025,0.4,17.0,37.0
0.40440389085433603,0.4,14.0,30.0
0.3804528061224489,0.8,7.0,20.0
0.049011878901829065,1.0,4.0,10.0
0.2963393449026942,1.0,0.0,19.0
0.6486794071076707,0.4,16.0,33.0
0.38173550229951136,0.6,13.0,28.0
0.37371173469387753,0.8,7.0,21.0
0.05476776917663617,1.0,4.0,10.0
0.09092094074471896,1.0,6.0,17.0
0.3851605983302412,0.6,12.0,29.0
0.3306036265857695,1.0,0.0,16.0
0.30875061718235686,0.8,8.0,33.0
0.4362909600459902,0.6,12.0,31.0
0.34206229243665964,0.4,14.0,30.0
0.4006821478591437,0.8,5.0,21.0
0.2913255019749835,0.8,9.0,25.0
0.44428089613588384,0.6,9.0,26.0
0.355784705898066,0.6,6.0,26.0
0.296666280148423,1.0,4.0,20.0
0.10512964514163875,0.8,7.0,16.0
0.3815369897959183,0.4,16.0,30.0
0.35969387755102045,0.6,11.0,30.0
0.39933322345792244,0.8,11.0,21.0
0.3452064636095402,0.6,16.0,30.0
0.20041982607960313,0.4,16.0,29.0
0.4300133312670863,0.6,11.0,28.0
0.31275460118602416,0.6,11.0,29.0
0.19383606265086684,0.8,5.0,27.0
0.20891983603018038,0.8,9.0,16.0
0.29236358226893533,0.8,5.0,28.0
0.24329842824226466,0.6,15.0,37.0
0.29281712685074024,1.0,4.0,22.0
0.18228812358276641,0.8,9.0,23.0
0.25560504013320806,1.0,10.0,23.0
0.25816318956323625,0.8,9.0,25.0
0.2944333530513654,1.0,4.0,22.0
0.3275368929217256,0.4,12.0,25.0
0.3704894391793657,0.8,9.0,16.0
0.24243795033869786,0.8,11.0,20.0
0.12753919260582575,1.0,6.0,8.0
0.36613749436238585,0.6,12.0,26.0
0.3219717849451338,0.8,9.0,21.0
0.32004608559362047,0.6,11.0,23.0
0.3187607385499187,0.6,11.0,27.0
0.6497891600670118,0.6,13.0,29.0
0.2978867939355837,0.6,10.0,22.0
0.4489933704963467,0.4,15.0,31.0
0.12789548689846308,0.6,8.0,24.0
0.4344030225726654,0.6,13.0,28.0
0.31999362244897955,0.6,11.0,23.0
0.6390335979897577,0.4,16.0,32.0
0.27810318206229856,0.6,12.0,24.0
0.3728016069566512,0.8,8.0,21.0
0.3550803844264978,0.4,15.0,33.0
0.25025045033869786,0.8,5.0,21.0
0.06075781133621333,1.0,10.0,20.0
0.21039923469387756,0.8,7.0,24.0
0.37484793411584283,0.8,16.0,34.0
0.45113961930926216,0.4,15.0,34.0
0.27313054310509255,0.8,7.0,19.0
0.12919778696677225,1.0,8.0,17.0
0.40370814273985456,0.6,8.0,22.0
0.3433563730978676,1.0,11.0,20.0
0.029281326892459103,0.8,3.0,14.0
0.29116263868390246,0.8,10.0,26.0
0.08140746633705032,0.8,11.0,23.0
0.4191145961396606,0.4,14.0,29.0
0.2099802576384282,0.8,5.0,23.0
0.3730435717104521,0.8,5.0,22.0
0.11915866206817921,0.8,11.0,20.0
0.17049092364218416,0.8,5.0,16.0
0.1275629357614932,1.0,0.0,12.0
0.3443562130136607,0.4,17.0,37.0
0.3851605983302412,0.4,14.0,30.0
0.3839544022916429,0.4,14.0,30.0
0.3846194727891157,0.4,14.0,31.0
0.38359320021111887,0.4,14.0,31.0
0.22940746514655241,0.6,12.0,23.0
0.12223650368771732,0.8,9.0,19.0
0.11527138247964663,0.6,6.0,20.0
0.12582955915311217,0.8,9.0,22.0
0.2757512878339742,0.4,14.0,29.0
0.11696635199613997,0.8,8.0,15.0
0.08875656240757174,0.8,3.0,20.0
0.08762634878906678,0.8,3.0,19.0
0.10215835878146878,0.8,5.0,22.0
0.1573937999112689,1.0,4.0,12.0
0.12365920115849505,0.8,9.0,22.0
0.12141150474274215,1.0,6.0,17.0
0.41192012912203,0.4,14.0,32.0
0.7005242346938776,0.4,18.0,38.0
0.1290145070674184,0.4,18.0,38.0
0.40745717930029157,0.4,14.0,32.0
0.14048918178382463,0.6,10.0,23.0
0.8131909013605443,0.4,18.0,38.0
0.38827159384880716,0.4,16.0,30.0
0.13941693380892178,1.0,2.0,22.0
0.34309415553820477,0.4,14.0,33.0
0.5723192876974111,0.4,14.0,32.0
0.14739621985157703,0.6,8.0,21.0
0.07660851665534862,0.8,7.0,13.0
0.046983150777793636,0.6,6.0,21.0
0.04320952137178646,0.6,6.0,21.0
0.2976146913683506,1.0,0.0,17.0
0.638853780148423,0.6,8.0,24.0
0.9656197120808123,0.4,18.0,37.0
0.10051806932141882,1.0,4.0,12.0
0.6189507052821128,0.4,16.0,34.0
0.43729716368796034,0.8,7.0,25.0
0.06697878014842301,0.8,7.0,22.0
0.3411909013605442,0.6,12.0,28.0
0.4682530358634682,0.4,11.0,30.0
0.057842129727538716,1.0,4.0,9.0
0.48325176278376514,0.4,17.0,36.0
0.3759198390894819,0.4,16.0,32.0
0.4433535475593746,0.6,10.0,22.0
0.39983549297202325,0.4,14.0,32.0
0.36397575823958395,0.4,14.0,32.0
0.2617316079657669,0.6,12.0,30.0
0.2721223208182795,0.6,12.0,30.0
0.2706377098711825,0.6,12.0,31.0
0.1068436981683133,0.8,9.0,18.0
0.11658095177572808,0.6,14.0,29.0
0.36440132966594463,0.4,14.0,30.0
0.3600377482073911,0.4,14.0,32.0
0.27945106396217023,0.6,12.0,30.0
0.21419131390179835,0.6,10.0,29.0
0.27271471088435373,0.6,12.0,29.0
0.17848446196660483,1.0,6.0,15.0
0.22315587186201913,0.8,7.0,20.0
0.1474380910900946,0.6,6.0,23.0
0.148303351513019,0.6,6.0,23.0
0.7903010587282122,0.4,18.0,34.0
0.48111930511641277,0.4,17.0,36.0
1.018251983384977,0.4,16.0,32.0
0.46132082262038676,0.4,16.0,30.0
0.38059625685454235,0.4,14.0,32.0
0.77900286717251,0.4,16.0,33.0
0.18075634204974234,0.8,16.0,27.0
0.15701951771274547,0.8,3.0,28.0
0.20413186678781098,0.8,5.0,22.0
0.1263069407870675,0.6,16.0,29.0
0.255483491900086,0.6,17.0,46.0
0.13492283737819455,0.8,9.0,22.0
0.12994833724856852,1.0,6.0,22.0
0.30764955438697217,0.8,8.0,28.0
0.241655813641246,0.8,11.0,28.0
0.12050192986116381,0.4,16.0,27.0
0.470805384853622,0.6,12.0,21.0
0.3383231764928193,0.4,9.0,21.0
0.8559248494479759,0.4,16.0,32.0
0.5512117346938775,0.6,12.0,27.0
0.4726111912156167,0.6,13.0,29.0
0.3089927485477818,0.4,12.0,32.0
0.3314557415431926,1.0,4.0,21.0
0.3759859910678153,0.6,13.0,29.0
0.2783097393887132,1.0,6.0,20.0
0.1455438425370148,0.6,10.0,23.0
0.3958160193964271,0.4,13.0,28.0
0.17486593177416954,0.8,5.0,14.0
0.05569147057730195,0.6,6.0,21.0
0.4259804280473518,0.6,13.0,29.0
0.09142219387755102,1.0,4.0,11.0
0.551696648486981,1.0,2.0,24.0
0.3065358087679516,1.0,2.0,16.0
0.47294706988940827,0.8,9.0,26.0
0.3561567513976638,0.8,9.0,28.0
0.3594363226059655,0.6,16.0,43.0
0.438322341949398,0.6,13.0,30.0
0.1134359993997599,0.8,5.0,22.0
0.12864937641723356,0.8,9.0,22.0
0.41210286970871435,0.4,13.0,28.0
0.1066747923788805,1.0,0.0,9.0
0.2816965745108112,0.8,3.0,23.0
0.38541312358276647,0.4,15.0,31.0
0.38173550229951136,0.4,15.0,34.0
0.532494400199104,0.6,13.0,26.0
0.17832978779747194,1.0,8.0,18.0
0.06873682047249724,1.0,6.0,12.0
0.3576408177884334,0.8,7.0,18.0
0.08413725458537846,0.8,13.0,16.0
0.47362703843219534,0.8,8.0,22.0
0.10570790816326531,0.8,3.0,17.0
0.029996945961483168,1.0,2.0,6.0
0.3860200330132053,1.0,2.0,17.0
0.13652642000856285,1.0,10.0,20.0
0.07367550757416369,0.6,6.0,22.0
0.047427429376553365,1.0,2.0,8.0
0.19817807081078775,0.6,10.0,34.0
0.10744707709537848,0.6,11.0,36.0
0.2838864736729959,1.0,4.0,19.0
0.20637592960913176,0.8,3.0,19.0
0.09874820120355837,0.4,13.0,30.0
0.16844963791968404,1.0,6.0,19.0
0.14748392759215012,1.0,6.0,22.0
0.1507704871116725,0.8,3.0,15.0
0.12031115263006614,1.0,6.0,17.0
0.4298059684400076,0.6,12.0,26.0
0.11516681140541324,1.0,8.0,13.0
0.5079103733077389,0.6,12.0,27.0
0.10660076530612245,0.8,9.0,19.0
0.16889234305889655,1.0,4.0,17.0
0.8368912071709418,0.4,16.0,33.0
0.45059946980359544,0.6,13.0,28.0
0.023614654195011353,1.0,2.0,2.0
0.3900400848379698,0.6,11.0,25.0
0.44714742833549603,0.8,7.0,22.0
0.16203518973494496,0.8,9.0,21.0
0.10199534785771719,1.0,8.0,16.0
0.16967926876633005,0.8,9.0,23.0
0.20387941762070683,0.8,16.0,28.0
0.1576977528583135,1.0,6.0,10.0
0.44092962983065564,0.6,10.0,24.0
0.35983228218728125,0.6,8.0,22.0
0.09324464105430158,0.6,6.0,28.0
0.14666653888331288,0.8,9.0,25.0
0.29998958122853103,0.4,9.0,24.0
0.07164919704043982,0.6,6.0,26.0
0.11007563656303643,0.8,9.0,21.0
0.1044841403542549,0.6,6.0,21.0
0.15338976499690782,0.8,9.0,22.0
0.1360117091315054,0.6,8.0,21.0
0.526397378258234,0.6,10.0,22.0
0.09272919954449266,0.6,6.0,28.0
0.3729131235827664,0.8,9.0,26.0
0.19256713410216153,1.0,8.0,10.0
0.35836224092440716,0.6,12.0,29.0
0.30677575908412147,1.0,4.0,26.0
0.469562025391552,1.0,2.0,25.0
0.17735852368470323,0.8,5.0,23.0
0.4269396649609398,0.4,16.0,34.0
0.4303080184776613,0.4,14.0,30.0
0.43266881300713056,0.4,15.0,34.0
0.1690023048693161,0.6,12.0,21.0
0.16773676146047278,0.6,8.0,19.0
0.2684706179426085,0.6,13.0,18.0
0.2701772519352569,0.6,13.0,19.0
0.8729393290335001,0.4,16.0,33.0
0.48633005993659595,0.6,12.0,25.0
0.3137197681129007,0.6,13.0,29.0
0.3168052485477818,0.6,13.0,30.0
0.16768379192929872,0.6,6.0,20.0
0.4125126067869008,0.6,12.0,25.0
0.08939200680272108,0.8,3.0,14.0
0.23146507831527674,0.8,11.0,21.0
0.34848608332911324,0.6,10.0,19.0
0.055029536255843114,1.0,4.0,17.0
0.11716643652873993,0.6,14.0,24.0
0.8742237652103095,0.4,16.0,31.0
0.47719516121144945,0.6,12.0,29.0
0.321716050550655,0.4,12.0,32.0
0.15139478908718296,0.8,9.0,18.0
0.44439657511940944,0.6,13.0,29.0
0.13587988132411433,0.8,5.0,17.0
0.36936546032061846,0.4,15.0,34.0
0.21928402385050405,0.4,19.0,38.0
0.0942845888355342,1.0,4.0,9.0
0.14650630133424197,0.6,12.0,24.0
0.4404295709511875,0.6,12.0,29.0
0.13042320422792775,1.0,6.0,12.0
0.15526578874793162,1.0,2.0,19.0
0.23356822611018657,1.0,6.0,11.0
0.17311136999926324,0.6,10.0,20.0
0.10682982289774551,1.0,6.0,16.0
0.10042494391373569,0.8,3.0,17.0
0.12792649056209515,1.0,8.0,18.0
0.0749662636793848,1.0,8.0,13.0
0.16556274017833822,1.0,8.0,11.0
0.1471251962323391,0.8,10.0,25.0
0.4346339907914385,0.6,13.0,28.0
0.36379442967995,0.4,15.0,34.0
0.10955215419501135,0.6,10.0,26.0
0.26972135007849296,0.6,6.0,24.0
0.430750425170068,0.6,12.0,27.0
0.40675815282253247,0.4,15.0,33.0
0.35225340136054417,0.8,7.0,22.0
0.43435806258705256,0.4,15.0,34.0
0.3432455461692874,1.0,0.0,19.0
0.1271872181192919,0.8,5.0,19.0
0.36397575823958395,1.0,2.0,16.0
0.1330613656901875,1.0,4.0,16.0
0.14055370623859298,1.0,6.0,10.0
0.9132862652103095,0.4,20.0,40.0
0.45902423469387754,0.8,3.0,26.0
0.3478940977075762,1.0,0.0,16.0
0.12974571120394468,0.8,9.0,17.0
0.3798575680272108,0.6,13.0,30.0
0.31143900742115027,1.0,2.0,18.0
0.12561168716536042,0.8,13.0,20.0
0.18505227795343493,1.0,4.0,14.0
0.11238736226429735,0.8,5.0,18.0
0.20703697741232419,0.6,12.0,17.0
0.3338593270421625,0.4,15.0,34.0
0.28033407511940944,0.8,12.0,20.0
0.17340561224489792,0.6,6.0,19.0
0.16582368524332813,0.6,8.0,19.0
0.5010993980925703,0.8,3.0,20.0
0.35451321541013103,1.0,2.0,19.0
0.27296061361764434,0.8,15.0,25.0
0.42948466368796034,0.6,13.0,29.0
0.4337950680272109,0.8,11.0,33.0
0.1500212398228184,0.4,15.0,34.0
0.12306203291175627,0.4,15.0,30.0
0.41725982450621,0.8,7.0,21.0
0.36270070528211285,0.4,11.0,30.0
0.44173350646564935,1.0,4.0,24.0
0.24066731645488382,0.8,9.0,24.0
0.37675022339444253,0.8,13.0,26.0
0.3435972980741593,0.8,9.0,23.0
0.3198575680272109,1.0,2.0,16.0
0.11782858251996448,0.8,11.0,21.0
0.3659272197685044,0.4,15.0,34.0
0.36510346966655516,0.4,15.0,34.0
0.32418920931316686,0.6,12.0,30.0
0.31657499611519735,1.0,2.0,19.0
0.11166184937277662,0.8,11.0,19.0
0.5247816499481148,0.8,5.0,22.0
0.3553949357520786,1.0,2.0,16.0
0.0803976136877238,1.0,8.0,17.0
0.3500761472621835,1.0,4.0,22.0
0.2969831507777936,0.8,15.0,27.0
0.07624362244897959,1.0,7.0,9.0
0.4640088972705647,0.6,11.0,28.0
0.45188274696381614,0.6,13.0,30.0
0.20255102040816325,0.8,5.0,18.0
0.3089715661545517,0.8,5.0,19.0
0.08632202881152462,1.0,2.0,2.0
0.2382673539599326,0.6,13.0,30.0
0.057842129727538716,0.8,12.0,26.0
0.3328995560306385,0.8,3.0,22.0
0.2474204233932379,0.8,8.0,24.0
0.31643164210128494,0.6,15.0,46.0
0.3788188522576169,0.8,3.0,26.0
0.21522875652339934,1.0,8.0,8.0
0.27412840136054417,0.8,3.0,24.0
0.19054229338462247,0.4,17.0,34.0
0.08652423469387754,0.4,17.0,33.0
0.06734126616968034,0.4,13.0,26.0
0.1279974489795918,1.0,6.0,17.0
0.29452970704410797,1.0,8.0,22.0
0.18089923469387753,1.0,6.0,12.0
0.4388091011627203,0.6,11.0,34.0
0.2944834183673469,0.8,5.0,25.0
0.36936546032061846,0.6,13.0,29.0
0.34194202445128996,1.0,0.0,19.0
0.13927073088271452,0.4,15.0,32.0
0.28585038233655746,1.0,4.0,23.0
0.11389393434052064,1.0,8.0,13.0
0.39388869252520287,1.0,2.0,24.0
0.42430201247165533,0.8,9.0,20.0
0.348371200393086,1.0,2.0,17.0
0.19525304825319956,0.8,9.0,25.0
0.15774981084618211,0.8,3.0,19.0
0.16063337648492232,0.8,7.0,25.0
0.11582279327815043,1.0,4.0,9.0
0.10478194794251638,0.8,13.0,18.0
0.3573350455046883,0.6,13.0,30.0
0.28714923469387754,0.8,7.0,24.0
0.3591239687364307,0.6,10.0,23.0
0.17299411997112418,1.0,4.0,14.0
0.2019341809304367,1.0,2.0,22.0
0.17563823282121838,1.0,6.0,12.0
0.1997791653975023,0.8,7.0,18.0
0.24724079520343167,0.6,10.0,38.0
0.3827146720306922,0.8,10.0,32.0
0.17506197054293415,0.6,10.0,24.0
0.19339923469387754,0.8,8.0,20.0
0.35106968923933213,1.0,4.0,22.0
0.2853274858149538,0.8,11.0,23.0
0.18600260921859235,0.8,5.0,10.0
0.07405917161085102,0.6,12.0,26.0
0.0,1.0,0.0,0.0
0.3695790816326531,0.8,7.0,24.0
0.12383938401950378,0.6,14.0,23.0
0.3688999253016123,0.6,6.0,28.0
0.2946916729654825,1.0,2.0,19.0
0.42513869252520287,0.4,16.0,30.0
0.2852359693877551,0.8,3.0,17.0
0.3722860075470631,0.6,13.0,29.0
0.16355830283015005,0.8,13.0,15.0
0.1522674779371208,0.6,12.0,22.0
0.4398373046026921,0.4,15.0,31.0
0.28917469765684045,0.8,3.0,16.0
0.21115209254676026,0.8,13.0,18.0
0.2002085732152783,1.0,6.0,10.0
0.41631895610150216,0.6,13.0,28.0
0.26841291084267405,0.8,7.0,22.0
0.12215600364694612,0.8,15.0,20.0
0.4413570614415979,0.6,13.0,29.0
0.4535151161528441,0.6,12.0,27.0
0.21763883941667017,0.6,13.0,25.0
0.5260837483457547,0.8,3.0,20.0
0.2351647937656075,0.6,10.0,22.0
0.24768795279132538,0.8,3.0,17.0
0.3528001324839328,0.8,7.0,24.0
0.1497829245334497,0.8,12.0,18.0
0.2508678835611915,0.8,3.0,13.0
0.39768869946352525,0.8,3.0,22.0
0.23468905650813243,0.6,10.0,28.0
0.4231514536287888,0.6,13.0,28.0
0.4820291206873629,0.6,12.0,29.0
0.08671851892931087,0.6,13.0,18.0
0.0853553025112041,1.0,8.0,17.0
0.16241754277468567,1.0,6.0,14.0
0.30513783169156805,1.0,8.0,20.0
0.3002683384674625,1.0,8.0,20.0
0.09805026700985597,0.8,3.0,16.0
0.33622613171284776,1.0,0.0,16.0
0.4493192657497782,0.6,13.0,29.0
0.3115116402354392,0.4,13.0,29.0
0.19197878014842296,0.6,6.0,19.0
0.25141933958898244,0.6,6.0,23.0
0.1418860157699443,0.4,10.0,28.0
0.16957032687824625,0.6,8.0,22.0
0.14355393766417457,0.6,10.0,21.0
0.21355720172684456,0.6,8.0,22.0
0.15947066326530612,1.0,2.0,22.0
0.40681835234093633,0.6,10.0,26.0
0.21026049843014127,0.6,8.0,23.0
0.16143477147320162,0.6,13.0,29.0
0.19264582798528218,0.6,17.0,39.0
0.20001768447553692,0.4,12.0,23.0
0.13210115777080061,0.6,14.0,21.0
0.4937911157228164,0.6,10.0,24.0
0.26334666460041956,0.6,8.0,19.0
0.27635378014842304,0.6,15.0,26.0
0.4438215319911748,0.6,13.0,32.0
0.07685121656966037,0.8,3.0,14.0
0.3095861189303307,0.6,12.0,22.0
0.23071266752969843,0.8,11.0,22.0
0.7161603277674706,0.4,18.0,37.0
0.6025681907378336,0.4,18.0,36.0
0.311081196719194,0.4,16.0,28.0
0.2234275268749475,0.8,10.0,22.0
0.2584123465819894,0.6,13.0,23.0
0.27606418626772744,0.6,12.0,32.0
0.15732297986762273,0.6,12.0,19.0
0.22905628597592886,0.6,6.0,25.0
0.11859555569215635,0.8,10.0,26.0
0.42160022253582286,0.4,14.0,30.0
0.35655133496488023,0.6,12.0,29.0
0.3122660571237841,0.6,10.0,21.0
0.2851200139146568,0.8,12.0,25.0
0.25447301765533803,0.8,13.0,22.0
0.2656888538584967,0.6,13.0,31.0
0.1268996309256687,0.6,12.0,25.0
0.31934745369123907,0.6,14.0,27.0
0.23601877731342014,0.6,6.0,20.0
0.3777220062816212,0.4,16.0,27.0
0.2123629099075528,0.6,11.0,26.0
0.4084289965986394,0.4,11.0,28.0
0.40405435517580524,0.4,15.0,34.0
0.19156667296548247,0.6,11.0,19.0
0.07839791833103349,0.6,10.0,25.0
0.3013465697192582,0.6,13.0,30.0
0.09505715454120578,0.6,6.0,19.0
0.13828936179735052,0.6,10.0,24.0
0.1292497625249716,0.6,14.0,24.0
0.1895914615846338,0.8,8.0,23.0
0.21839923469387756,1.0,8.0,22.0
0.6354008610879296,0.8,10.0,25.0
0.748565051020408,0.4,22.0,44.0
0.210821949747641,0.6,8.0,27.0
0.2707204795498446,0.8,5.0,20.0
0.39030071774472497,0.8,8.0,27.0
0.3089024814471243,0.8,10.0,32.0
0.3306644549011314,0.8,11.0,30.0
0.614406179138322,0.8,13.0,27.0
0.2520705923097716,1.0,4.0,18.0
0.3957867715670339,0.4,17.0,37.0
0.4522567187703107,0.4,15.0,34.0
0.358344087635054,0.6,10.0,28.0
0.41396609515899385,0.4,14.0,34.0
0.1527679595934759,1.0,6.0,20.0
0.1689870758244818,1.0,4.0,20.0
0.2644557823129252,0.8,11.0,29.0
0.36179699480948446,0.6,11.0,24.0
0.2879876493280239,0.6,8.0,23.0
0.20303314606189293,0.8,9.0,22.0
0.21555113342805476,0.8,14.0,19.0
0.6540999922696351,0.4,18.0,36.0
0.37273246858409237,0.8,5.0,19.0
0.24762932837069251,0.8,5.0,16.0
0.27629522706028975,1.0,8.0,21.0
0.3072025181040158,0.4,15.0,32.0
0.25946541116446575,0.4,15.0,32.0
0.4569023211136306,0.8,5.0,20.0
0.5643564025260454,0.4,15.0,32.0
0.7097895408163266,0.4,15.0,32.0
0.3628703885400314,0.6,10.0,26.0
0.28347513908664235,1.0,0.0,18.0
0.12383820928552908,0.8,7.0,20.0
0.1679317150088382,0.8,5.0,21.0
0.44039267492711365,0.4,13.0,27.0
0.2066631235827664,0.6,11.0,31.0
0.4577024824280165,0.4,20.0,39.0
0.2320664033685763,1.0,8.0,20.0
0.19887466204430493,0.8,5.0,21.0
0.6916767937489956,0.4,18.0,38.0
0.6818131497882172,0.4,18.0,37.0
0.6026201853981029,0.6,19.0,49.0
0.20076868176382084,0.6,14.0,24.0
0.07718833336419867,1.0,6.0,12.0
0.3826738756860446,0.8,3.0,24.0
0.3439674165120593,0.8,10.0,22.0
0.3335575139146567,0.8,10.0,24.0
0.615158921040741,0.8,13.0,26.0
0.27152423469387754,0.8,14.0,35.0
0.354329534233048,0.8,10.0,26.0
0.251758969716919,0.8,10.0,30.0
0.5202783875177978,0.6,12.0,26.0
0.6042945049641478,0.4,12.0,26.0
0.5042073557129858,0.4,16.0,31.0
0.11792644871601776,0.4,15.0,30.0
0.13888326663000528,0.4,16.0,27.0
0.36582663368377655,0.8,15.0,37.0
0.30391474564278265,0.8,9.0,22.0
0.39248631334556294,1.0,8.0,17.0
0.23677658825036285,0.8,5.0,23.0
0.28741863124560163,0.8,10.0,34.0
0.5605867346938775,0.8,12.0,39.0
0.10216488764557702,0.6,10.0,24.0
0.32124678142284946,1.0,4.0,19.0
0.18957059230977158,0.4,16.0,31.0
0.24445050197498353,0.6,17.0,35.0
0.29886798469387754,1.0,0.0,16.0
0.150476803863838,0.8,13.0,16.0
0.4816345288115246,1.0,0.0,18.0
0.48913094201095075,0.6,9.0,39.0
0.3264304051773381,1.0,8.0,19.0
0.23119032141764628,1.0,0.0,16.0
0.1455181984765737,0.8,9.0,19.0
0.11403473616222448,1.0,0.0,6.0
0.12715154096694026,0.8,7.0,23.0
0.4417049575854438,0.6,12.0,28.0
0.1161178107606679,1.0,6.0,13.0
0.3073282547943801,0.8,5.0,25.0
0.2834589080607117,1.0,4.0,19.0
0.41991536970871435,0.6,10.0,28.0
0.3338520583853376,0.6,13.0,30.0
0.4015099896796325,0.6,13.0,30.0
0.3220561495874945,1.0,2.0,17.0
0.07166877656315812,0.6,13.0,28.0
0.3359979189044039,1.0,2.0,20.0
0.3470662401139317,1.0,2.0,16.0
0.18635651980918155,0.8,3.0,20.0
0.396755373747132,1.0,6.0,22.0
0.2707184611512766,1.0,0.0,22.0
0.3610089143596157,0.6,12.0,32.0
0.26622498282355334,0.6,8.0,23.0
0.11863578847873812,0.6,13.0,19.0
0.3785127073163559,0.6,13.0,29.0
0.22048368330201462,0.8,9.0,20.0
0.14586302450051825,0.6,12.0,28.0
0.2644102641056423,0.8,5.0,17.0
0.1793627282243766,0.8,9.0,19.0
0.43487650742115025,1.0,4.0,16.0
0.33181033823611183,0.8,11.0,22.0
0.3904134673671449,1.0,4.0,16.0
0.13134396903922857,0.6,14.0,23.0
0.12874497045709937,0.6,8.0,20.0
0.4189880028098196,1.0,0.0,21.0
0.22947878014842304,0.6,8.0,26.0
0.22395786301246157,0.6,13.0,31.0
0.3463066714027383,0.8,9.0,25.0
0.3774024216627161,0.8,7.0,21.0
0.3508544688536571,0.8,13.0,19.0
0.1287167954226225,0.8,7.0,22.0
0.43501059162603095,1.0,4.0,22.0
0.3752174165120593,0.4,13.0,32.0
0.3251909013605442,0.6,8.0,21.0
0.3672326815603626,0.8,3.0,17.0
0.11999824647373075,1.0,8.0,16.0
0.13938137755102042,0.6,12.0,23.0
0.0624207226790901,0.8,7.0,25.0
0.19540421256998375,0.6,8.0,20.0
0.33733738914413935,1.0,0.0,16.0
0.1973507308328737,1.0,6.0,13.0
0.215329059255281,0.8,5.0,19.0
0.25880007857573406,0.8,9.0,20.0
0.2762117346938775,1.0,0.0,16.0
0.21237244897959184,1.0,0.0,13.0
0.18588850508014365,0.8,13.0,16.0
0.1378033044613194,0.8,9.0,15.0
0.31364013765883714,0.4,15.0,34.0
0.34625613817913226,0.4,9.0,23.0
0.2753352103036336,0.4,11.0,19.0
0.39944821130206465,0.4,13.0,28.0
0.39142219387755106,0.6,12.0,28.0
0.28300066149288494,0.4,9.0,26.0
0.37399885398321764,1.0,0.0,22.0
0.29895070528211287,1.0,8.0,21.0
0.19198520754455628,0.8,7.0,21.0
0.1067622044205136,0.4,15.0,33.0
0.06131824218451426,0.6,8.0,22.0
0.1486642440747406,0.8,7.0,26.0
0.32941897153598276,0.6,13.0,30.0
0.25783444111589593,1.0,2.0,16.0
0.2896551309202926,1.0,0.0,16.0
0.1499161386084683,0.8,7.0,26.0
0.2152246315192744,0.8,3.0,21.0
0.3415103071172759,1.0,0.0,16.0
0.23877935997861555,0.4,15.0,34.0
0.14720830720556383,0.4,11.0,26.0
0.14491598269742678,0.6,13.0,28.0
0.515651751472401,0.6,12.0,29.0
0.028779659454143125,1.0,4.0,10.0
0.44960115777080056,0.6,13.0,28.0
0.1441874155744588,0.8,3.0,18.0
0.14596311590934713,0.6,14.0,26.0
0.42430201247165533,0.8,9.0,20.0
0.31921609126224215,1.0,0.0,19.0
0.3006288331394734,1.0,0.0,16.0
0.08528227215543754,1.0,2.0,11.0
0.08897351479858956,0.6,14.0,25.0
0.08640677015487047,0.6,10.0,25.0
0.10609400854936568,1.0,6.0,13.0
0.391509908046313,0.6,13.0,29.0
0.38198129840578887,1.0,4.0,20.0
0.22941618384641993,1.0,4.0,15.0
0.14758612789776104,0.6,14.0,23.0
0.4066986532985287,0.4,12.0,29.0
0.42845569886833235,0.6,12.0,29.0
0.11080994897959184,0.8,7.0,22.0
0.2576353458049887,0.8,12.0,24.0
0.5226435040348517,0.6,11.0,34.0
0.07931311206619251,0.6,8.0,23.0
0.09688956601158982,1.0,0.0,9.0
0.10277423469387753,0.6,8.0,26.0
0.4787926053009063,0.6,12.0,28.0
0.36640375276616666,0.8,10.0,20.0
0.3663044544740973,0.8,10.0,20.0
0.10293274918663115,0.8,9.0,17.0
0.5063215319911748,0.4,14.0,28.0
0.38992599422466934,0.6,12.0,30.0
0.12801322017976868,0.8,9.0,19.0
0.22129623040203206,0.8,7.0,18.0
0.4333198953156392,1.0,4.0,19.0
0.28288469330685295,0.8,3.0,21.0
0.3475966207528588,0.6,13.0,29.0
0.1155673866638588,1.0,4.0,22.0
0.31004167655434267,0.6,12.0,30.0
0.3592314170143195,0.6,12.0,30.0
0.38992599422466934,1.0,8.0,18.0
0.13237329129765113,0.6,12.0,19.0
0.22702310090702948,0.6,12.0,23.0
0.10507691371601646,1.0,8.0,19.0
0.11253177741684911,1.0,4.0,4.0
0.42806269623233906,0.6,12.0,30.0
0.15862100888742592,0.6,14.0,37.0
0.3500761472621835,0.6,12.0,31.0
0.38050752160195556,1.0,8.0,16.0
0.1824617346938775,0.6,10.0,31.0
0.40733115112039053,0.6,12.0,28.0
0.4798575680272109,0.6,12.0,27.0
0.11243332560296843,0.8,5.0,19.0
0.42559400213573806,0.6,6.0,26.0
0.2904448302273763,0.6,13.0,27.0
0.15640270192584077,1.0,8.0,15.0
0.3717366992831127,1.0,2.0,16.0
0.08682494224104736,0.6,14.0,29.0
0.33561321774472497,0.8,5.0,22.0
0.37090085386486205,0.6,10.0,23.0
0.1941552830809743,0.8,7.0,19.0
0.16073816641193917,0.6,10.0,22.0
0.35647394733755566,0.6,6.0,31.0
0.18864026899741182,0.8,3.0,15.0
0.18085282380278844,1.0,0.0,12.0
0.26724341277606933,1.0,10.0,22.0
0.12664975770642983,1.0,6.0,15.0
0.21643523576454138,0.8,9.0,16.0
0.4276743944382865,0.4,14.0,30.0
0.4304359066181678,0.6,12.0,29.0
0.14537917439703157,0.8,9.0,22.0
0.324155813641246,0.8,10.0,23.0
0.4230285326881469,0.8,5.0,22.0
0.3216150337253545,0.4,12.0,31.0
0.39119335234093633,0.8,8.0,27.0
0.3144828910246269,0.8,10.0,19.0
0.09704506802721086,0.8,3.0,21.0
0.345691721570518,1.0,2.0,24.0
0.1235005848007073,0.8,9.0,22.0
0.31229963576339625,1.0,2.0,17.0
0.4576697455297909,0.6,12.0,27.0
0.4294891737182678,0.6,10.0,26.0
0.27297099395313684,1.0,0.0,17.0
0.19903448059551687,0.8,5.0,25.0
0.1942947386464467,0.8,5.0,11.0
0.3764411322008028,0.8,12.0,24.0
0.12800563256275965,1.0,6.0,19.0
0.37417786597879377,0.8,12.0,24.0
0.24747265172444521,1.0,4.0,17.0
0.15570148513951032,0.6,6.0,27.0
0.2349112596344951,1.0,0.0,18.0
0.34734390682502503,1.0,2.0,17.0
0.13461947278911562,0.6,10.0,23.0
0.14408938097096763,0.4,13.0,29.0
0.3951118053153465,0.6,11.0,30.0
0.11213761759350577,0.8,7.0,25.0
0.15672266246924305,0.8,7.0,17.0
0.15228402801798685,0.8,11.0,19.0
0.1521536499215071,0.8,11.0,19.0
0.37861592523829013,0.6,13.0,28.0
0.2941345288115246,1.0,2.0,16.0
0.30433673469387756,1.0,2.0,16.0
0.2475141874125537,0.8,5.0,24.0
0.09472819376861064,0.6,8.0,28.0
0.1290823742287613,1.0,0.0,16.0
0.16282074936892998,1.0,7.0,12.0
0.26351141418105706,0.8,10.0,21.0
0.32349980940652123,0.8,9.0,19.0
0.431115429662431,0.6,13.0,26.0
0.3362301170468187,0.8,7.0,15.0
0.1930803571428571,0.8,3.0,16.0
0.3850956632653061,0.4,15.0,34.0
0.14165094034689896,0.8,13.0,15.0
0.7167370006513243,0.4,16.0,29.0
0.4283424165120594,0.4,15.0,34.0
0.28938137755102045,1.0,2.0,15.0
0.17601452595601347,0.8,7.0,18.0
0.41723429386547517,0.6,12.0,32.0
0.403494668825614,0.6,6.0,20.0
0.18798116981692004,0.8,13.0,26.0
0.4846582203168808,0.8,7.0,17.0
0.10652423469387756,0.8,13.0,20.0
0.607490777444807,0.4,14.0,26.0
0.3972405670721011,0.4,13.0,28.0
0.29810511704681875,0.8,7.0,22.0
0.34141059833024123,0.4,15.0,32.0
0.3347110478806907,1.0,4.0,21.0
0.11928688060827441,0.8,5.0,17.0
0.2017240297758448,0.8,3.0,26.0
0.16619227944095927,0.8,9.0,18.0
0.27092851029300613,0.8,13.0,15.0
0.1652945269016698,0.6,13.0,22.0
0.12668833781346162,1.0,6.0,20.0
0.4367977909248806,0.8,5.0,24.0
0.4173500632241369,1.0,0.0,16.0
0.35602144139778813,0.8,8.0,22.0
0.29765773595332334,0.8,8.0,20.0
0.37092750102553584,0.4,17.0,34.0
0.35071360799088025,0.6,9.0,32.0
0.1643711383636023,0.6,13.0,22.0
0.2500936154278225,0.6,13.0,23.0
0.290109761009667,0.8,11.0,23.0
0.31819418220043927,0.8,12.0,23.0
0.11943439519936089,0.4,13.0,28.0
0.20054675833748137,0.4,13.0,30.0
0.06756095133153078,0.6,6.0,18.0
0.23702214139244215,1.0,8.0,19.0
0.25997004954975333,0.8,13.0,19.0
0.4567094198790628,0.4,13.0,31.0
0.4301063242461164,0.6,8.0,20.0
0.29151154433854765,0.6,10.0,22.0
0.3303555911415661,0.6,6.0,22.0
0.2894377447948876,0.6,8.0,30.0
0.17510371983188178,0.8,9.0,22.0
0.3148176855754896,0.6,6.0,26.0
0.35264125597047324,0.6,10.0,28.0
0.2534125957390082,0.6,11.0,29.0
0.09287405386764758,0.8,7.0,22.0
0.3687375078897538,0.8,3.0,24.0
0.13113961930926216,0.6,8.0,24.0
0.4458972754462286,0.4,13.0,29.0
0.15575012932608434,0.8,9.0,19.0
0.3245657777205838,0.8,8.0,22.0
0.32411986310917806,1.0,0.0,19.0
0.15734302003934103,0.8,7.0,16.0
0.15822113567649282,0.6,12.0,25.0
0.08785076530612246,1.0,4.0,17.0
0.07490433673469388,0.8,17.0,32.0
0.1700072444026154,0.8,11.0,20.0
0.14437167161085102,0.6,15.0,39.0
0.6829614816574403,0.4,22.0,43.0
0.20816716718332906,0.8,7.0,13.0
0.3578377373676743,0.8,3.0,28.0
0.2124928550258277,1.0,0.0,14.0
0.26005080474218667,0.4,15.0,32.0
0.24258128167374327,0.6,13.0,19.0
0.2329479898805995,0.6,17.0,29.0
0.40153856134144206,0.4,13.0,28.0
0.0358969578268466,0.6,10.0,18.0
0.058430596701046,0.6,12.0,23.0
0.09063706240923336,0.8,5.0,15.0
0.1472466809304367,0.8,10.0,18.0
0.15847077897033546,0.8,9.0,18.0
0.25593599939975986,0.4,13.0,28.0
0.2384359993997599,0.8,12.0,18.0
0.4375690108132805,0.6,13.0,28.0
0.36180201247165533,1.0,6.0,15.0
0.5533038957108267,0.6,13.0,31.0
0.04605859663142364,1.0,2.0,14.0
0.05953584817905061,1.0,2.0,4.0
0.22420475985799138,0.6,12.0,25.0
0.1932063334593096,0.8,5.0,18.0
0.503808933690533,0.8,11.0,24.0
0.10637796980893671,0.8,5.0,11.0
0.2250323636917454,0.6,8.0,21.0
0.3249127441950652,0.6,6.0,26.0
0.25059200895548095,0.6,12.0,22.0
0.2632201616601697,1.0,4.0,22.0
0.23138662001497845,0.4,12.0,28.0
0.3099401829697396,0.6,6.0,26.0
0.29605950986952156,0.6,6.0,31.0
0.24725027859109383,1.0,4.0,20.0
0.2324068459350953,1.0,2.0,15.0
0.09084339882361786,0.8,9.0,27.0
0.23576110559103292,0.8,11.0,28.0
0.2654576432717557,1.0,6.0,22.0
0.23754934506915348,0.8,5.0,21.0
0.28679496858409237,0.6,19.0,28.0
0.26990851084959533,0.6,13.0,34.0
0.2000549864023058,0.6,13.0,28.0
0.2886848612295041,0.8,7.0,24.0
0.23155192456729523,0.4,12.0,28.0
0.06285206926636827,0.8,5.0,17.0
0.11032373964437259,0.6,14.0,28.0
0.2512117346938776,0.6,12.0,27.0
0.21710613124560163,0.6,15.0,42.0
0.06249770591689913,0.8,5.0,17.0
0.38689041567547267,0.6,6.0,22.0
0.3223702291690157,0.8,7.0,20.0
0.5461782139326319,0.8,7.0,21.0
0.27113820528211285,1.0,9.0,21.0
0.18872690459679015,1.0,4.0,14.0
0.1887117346938776,0.8,7.0,13.0
0.40842796032061846,0.8,3.0,19.0
0.22643291049296432,0.6,6.0,23.0
0.19886629732886674,0.6,6.0,25.0
0.24326083143047428,0.6,13.0,27.0
0.2608808523409364,0.6,6.0,23.0
0.19926713862400858,0.6,6.0,23.0
0.29364078058759735,0.8,10.0,22.0
0.7368326047379303,0.8,10.0,23.0
0.5536363036593948,0.8,10.0,25.0
0.3749170918367347,0.4,14.0,25.0
0.5318010803314615,0.4,14.0,28.0
0.3491923633488483,0.4,13.0,30.0
0.20653529664078019,0.8,9.0,22.0
0.17088085234093636,0.6,8.0,25.0
0.4703337585034013,0.4,13.0,31.0
0.3936506714754867,0.4,13.0,29.0
0.20085891211323237,0.8,10.0,23.0
0.1551380167451596,0.6,10.0,23.0
0.3306788316712075,0.8,14.0,30.0
0.3865810528756958,0.4,13.0,30.0
0.37363498030791265,0.4,13.0,28.0
0.2372219091124822,0.6,10.0,22.0
0.3552077080832333,0.6,10.0,26.0
0.11202203602435451,1.0,4.0,10.0
0.2827676209372638,0.4,13.0,30.0
0.39921820021111887,0.4,13.0,29.0
0.23506590136054417,0.8,10.0,13.0
0.16515777506654838,0.8,11.0,21.0
0.41018468791025187,0.6,13.0,26.0
0.12013916143380426,1.0,8.0,15.0
0.1898265354528908,0.6,8.0,23.0
0.12920764262954254,0.8,9.0,22.0
0.3416461859133897,0.6,13.0,29.0
0.33742097382431235,0.4,15.0,32.0
0.11644904672395273,0.6,12.0,21.0
0.19174203772418058,0.8,13.0,18.0
0.4167945049641478,0.6,10.0,26.0
0.09971207917473562,1.0,4.0,9.0
0.01583869804466287,1.0,4.0,11.0
0.16112800889586604,1.0,2.0,16.0
0.12572291942170916,0.6,13.0,26.0
0.05661597781314359,1.0,6.0,15.0
0.1343668149077813,1.0,6.0,11.0
0.3445610936682365,0.6,6.0,30.0
0.3359979189044039,0.8,5.0,22.0
0.33843023991580967,1.0,4.0,19.0
0.338213242736773,1.0,4.0,23.0
0.17992651555255373,0.8,5.0,17.0
0.3992047698844934,0.6,13.0,26.0
0.12274706078083408,1.0,8.0,15.0
0.07824703955656337,0.8,11.0,21.0
0.15199913626868067,0.8,5.0,22.0
0.0775262662426347,0.8,6.0,25.0
0.11211816457352175,1.0,0.0,16.0
0.09979929471788718,1.0,8.0,10.0
0.1517380504833512,0.8,5.0,22.0
0.18284438775510203,1.0,6.0,10.0
0.16192464537149565,0.8,5.0,17.0
0.02630397530210654,1.0,2.0,8.0
0.34658149909178326,1.0,2.0,24.0
0.3526396653158871,0.8,10.0,20.0
0.14767047021511304,0.8,7.0,28.0
0.14003072820037105,0.8,7.0,28.0
0.3047875400160064,0.4,13.0,27.0
0.18525847839135656,0.6,11.0,20.0
0.19162521722662862,0.6,9.0,20.0
0.2802047902494331,0.8,12.0,33.0
0.38873386642192287,0.6,12.0,26.0
0.3088278996153435,0.4,13.0,26.0
0.14366519214068607,0.6,8.0,20.0
0.35487807327655474,0.8,9.0,22.0
0.37392948250728864,0.6,12.0,30.0
0.42498577315541597,0.8,5.0,24.0
0.44745016061980347,0.6,13.0,28.0
0.337000425170068,0.4,14.0,31.0
0.22889131614184133,0.8,13.0,22.0
0.09199561696406311,1.0,4.0,9.0
0.3558814284260713,1.0,4.0,18.0
0.1285166992328846,1.0,9.0,20.0
0.4558992346938775,0.4,15.0,31.0
0.11307034680960992,0.8,5.0,20.0
0.35711451247165527,0.6,10.0,28.0
0.24703729439537003,0.4,14.0,29.0
0.37714405513586646,0.4,15.0,30.0
0.29592822953923836,0.4,15.0,32.0
0.45337781724839465,0.4,15.0,33.0
0.3315108298681403,0.4,15.0,31.0
0.10378433801707398,1.0,2.0,10.0
0.1972678434030704,0.6,15.0,31.0
0.21028651635326617,1.0,6.0,10.0
0.2718197429681092,0.8,5.0,23.0
0.12322812379668852,0.6,13.0,23.0
0.12850998063458963,0.8,5.0,16.0
0.12248379282905825,0.6,13.0,23.0
0.09323822121441172,1.0,6.0,12.0
0.16934630799803507,1.0,0.0,14.0
0.2118401687598116,0.4,12.0,27.0
0.372312740885828,0.8,5.0,24.0
0.1818612568266743,1.0,6.0,13.0
0.2754212500603078,1.0,0.0,20.0
0.1288790041332989,1.0,6.0,17.0
0.3753377940159114,1.0,0.0,21.0
0.37149234693877553,1.0,12.0,18.0
0.35746173469387754,0.8,10.0,24.0
0.14551709841395122,0.8,7.0,13.0
0.23288787105751385,0.4,14.0,33.0
0.12015888629463084,0.4,14.0,30.0
0.22724172348311522,0.6,14.0,31.0
0.38929880116786597,0.6,10.0,24.0
0.2656888538584967,0.6,8.0,26.0
0.28152423469387755,0.4,20.0,39.0
0.11467320589113161,0.6,13.0,26.0
0.39728411311333045,0.8,9.0,20.0
0.22603650104901774,1.0,2.0,14.0
0.3481211699555855,1.0,0.0,20.0
0.2216198979591837,0.8,9.0,21.0
0.1153637635730202,1.0,8.0,12.0
0.1298150510204082,1.0,8.0,15.0
0.11549499607535324,1.0,2.0,17.0
0.17877752416756176,1.0,4.0,13.0
0.07927127476673729,0.6,11.0,27.0
0.07522459570470785,0.6,8.0,21.0
0.19482897325596904,0.6,16.0,22.0
0.21478081364124602,0.6,12.0,29.0
0.41735054871005006,0.8,12.0,17.0
0.4490810528756958,0.6,12.0,21.0
0.10854955114957376,0.8,5.0,17.0
0.03553799119301099,1.0,2.0,2.0
0.13092987194877947,0.8,5.0,20.0
0.18223852040816324,0.8,7.0,19.0
0.38321891256502605,0.8,9.0,25.0
0.36478462297725633,0.8,9.0,26.0
0.2700604931588888,1.0,8.0,20.0
0.32727362789776104,0.6,6.0,24.0
0.3189771456527817,1.0,2.0,16.0
0.22174547363193065,0.6,8.0,20.0
0.33625340136054416,0.8,7.0,22.0
0.1842794637775429,0.8,7.0,20.0
0.16214923469387754,1.0,2.0,19.0
0.0603006742314412,1.0,8.0,12.0
0.3101840285083105,0.6,13.0,30.0
0.12415069383784644,0.6,6.0,28.0
0.43527803408597476,0.6,12.0,28.0
0.3345242346938775,0.6,12.0,29.0
0.1282846928612082,0.8,7.0,19.0
0.13069528827432036,0.8,9.0,19.0
0.0638123037676609,1.0,6.0,13.0
0.08696363160648873,1.0,6.0,12.0
0.1433596777318522,1.0,6.0,15.0
0.21812328003993964,0.8,7.0,21.0
0.12850437488079341,1.0,0.0,18.0
0.13207847997689642,1.0,8.0,10.0
0.19526415404871622,1.0,6.0,15.0
0.15242468880477622,0.8,3.0,17.0
0.2345603520753674,0.4,15.0,35.0
0.3114178517151541,0.6,13.0,27.0
0.11021918635875405,0.8,5.0,15.0
0.5906348116169544,0.6,10.0,24.0
0.3099731875734587,0.6,12.0,27.0
0.11504275321239604,0.8,13.0,17.0
0.23446843668889006,0.4,11.0,30.0
0.37861592523829013,0.8,5.0,20.0
0.17048547771063732,1.0,6.0,15.0
0.44100276230123947,0.6,12.0,25.0
0.33517858825588287,0.4,15.0,31.0
0.342433108739679,0.8,10.0,18.0
0.41598531253818893,0.6,13.0,29.0
0.28265655021550606,1.0,4.0,19.0
0.16110960651383838,0.8,10.0,28.0
0.29756590136054417,1.0,2.0,20.0
0.3038132372514223,0.6,13.0,30.0
0.2508041259982253,1.0,8.0,19.0
0.042994558434884755,0.6,10.0,20.0
0.3662279684601113,0.8,3.0,20.0
0.2577682538326336,0.4,14.0,35.0
0.3195893452589881,0.8,9.0,30.0
0.18734166651929401,0.8,9.0,20.0
0.08900177819746685,0.8,9.0,17.0
0.4600454765239429,0.6,12.0,27.0
0.10210198644288976,1.0,11.0,13.0
0.02025414962771499,1.0,2.0,2.0
0.06396393784786641,0.4,15.0,32.0
0.15468749999999998,0.8,9.0,18.0
0.15205308084772368,1.0,12.0,15.0
0.060962737367674324,0.8,10.0,22.0
0.32651304323382246,1.0,2.0,22.0
0.35750689365341515,0.6,13.0,30.0
0.14503885992239673,0.8,3.0,25.0
0.2776948467031154,0.8,5.0,24.0
0.12384556471595265,0.6,11.0,33.0
0.15466154322779435,0.6,11.0,35.0
0.41392929798501676,0.8,3.0,24.0
0.19235462546600562,0.6,6.0,23.0
0.41812917296548247,0.6,13.0,28.0
0.22690766617139357,0.8,11.0,24.0
0.2370573229291717,0.6,24.0,49.0
0.12457032055246342,0.8,9.0,23.0
0.4281507407179739,0.6,10.0,26.0
0.19441964285714286,0.8,13.0,22.0
0.27293189235153525,0.6,10.0,20.0
0.3419691499481148,0.4,12.0,21.0
0.33595010678690085,0.6,10.0,26.0
0.35415135333794534,0.6,13.0,30.0
0.1480494516136172,0.6,11.0,34.0
0.16996173469387754,0.8,5.0,20.0
0.17583398744113032,0.8,11.0,23.0
0.11210919350226956,0.6,11.0,30.0
0.18862933104276192,0.6,14.0,33.0
0.2299617346938776,0.6,10.0,19.0
0.3090925407048065,0.6,13.0,29.0
0.2853417154136719,1.0,2.0,16.0
0.1659473044682354,0.6,14.0,27.0
0.10014204545454547,0.8,5.0,17.0
0.38420539411416743,0.8,3.0,24.0
0.38283547388696115,1.0,4.0,22.0
0.09254825564105423,0.8,9.0,22.0
0.33483592300556586,0.6,12.0,29.0
0.2807238104118932,0.4,18.0,37.0
0.23026758575770734,0.6,15.0,33.0
0.17726048752834467,0.4,18.0,37.0
0.17608605942376954,0.8,9.0,22.0
0.11372795828857862,0.8,5.0,17.0
0.11478446696358102,0.6,12.0,25.0
0.09165219643313499,0.6,12.0,25.0
0.1213706942314498,0.6,12.0,22.0
0.13624526071896648,0.8,3.0,17.0
0.3244161967965671,1.0,4.0,22.0
0.18464412221943993,0.8,5.0,23.0
0.18971748182031434,0.8,11.0,22.0
0.2817943753588392,0.8,3.0,15.0
0.125372967792801,0.8,9.0,22.0
0.12786023500309218,0.6,14.0,31.0
0.29798592824226466,0.8,5.0,20.0
0.46198164794308894,0.6,12.0,28.0
0.1080972441793619,1.0,0.0,9.0
0.11086520573933545,1.0,8.0,16.0
0.18255589665244626,1.0,6.0,22.0
0.11973733938019654,0.8,5.0,18.0
0.9840242346938775,0.4,20.0,40.0
0.6839258094970271,0.4,22.0,43.0
1.0215242346938775,0.4,20.0,40.0
0.13723820266540782,0.4,18.0,36.0
0.22230878110737962,1.0,2.0,17.0
0.670815732669586,0.4,16.0,29.0
0.08964932645720158,1.0,6.0,16.0
0.16077055822328928,1.0,2.0,22.0
0.11858012291743042,0.8,13.0,18.0
0.26828910253528726,0.4,12.0,29.0
0.31013680013890377,1.0,6.0,19.0
0.14226851898811216,0.8,13.0,21.0
0.11276099869930017,1.0,4.0,17.0
0.44225594201095075,0.6,13.0,29.0
0.08602594778787426,0.4,15.0,31.0
0.0627024988827648,1.0,2.0,2.0
0.1301579025770892,0.8,5.0,20.0
0.4504756024750326,0.6,13.0,28.0
0.44225594201095075,0.6,14.0,29.0
0.11103258348794065,1.0,4.0,9.0
0.10685792094118507,1.0,4.0,9.0
0.4963948557129858,0.4,15.0,33.0
0.6219030225726654,0.4,16.0,32.0
0.39080994897959187,0.4,15.0,33.0
0.38873386642192287,0.6,12.0,23.0
0.43527803408597476,0.6,13.0,28.0
0.0788656574261975,1.0,2.0,2.0
0.11062337168910119,1.0,8.0,15.0
0.3830681440423195,0.6,13.0,29.0
0.09328554791481813,1.0,6.0,13.0
0.3804177921168467,0.6,13.0,28.0
0.3711005058803182,0.6,13.0,27.0
0.11468902870136816,0.8,8.0,21.0
0.2734640125982055,0.6,13.0,26.0
0.19074192176870752,0.8,5.0,27.0
0.14857857730424223,0.8,13.0,21.0
0.1124858018024728,1.0,2.0,9.0
0.29457618274582564,0.6,11.0,23.0
0.29046362863327146,0.6,13.0,28.0
0.3688999253016123,0.4,15.0,34.0
0.36576765574650916,0.8,3.0,22.0
0.30441897153598285,0.6,13.0,29.0
0.27013974102299143,0.8,3.0,17.0
0.6115810528756958,0.4,16.0,34.0
0.2521580375107789,0.8,10.0,24.0
0.2830010046053819,1.0,2.0,16.0
0.4678408491139402,0.6,13.0,26.0
0.12026553803339518,1.0,2.0,22.0
0.25877381144331324,0.8,11.0,24.0
0.11472211455253478,0.8,7.0,23.0
0.10648712894248608,0.8,9.0,18.0
0.1790711365046913,1.0,4.0,8.0
0.4615089441739999,0.6,13.0,30.0
0.3102156924775187,1.0,8.0,22.0
0.4153103618615076,0.8,5.0,24.0
0.2590821050642479,1.0,8.0,20.0
0.1983381714754867,1.0,10.0,13.0
0.1514649461563281,0.6,12.0,36.0
0.3326655390417036,0.6,11.0,23.0
0.20240347198201314,0.8,3.0,26.0
0.16996173469387754,1.0,4.0,12.0
0.2468339507295123,0.8,5.0,26.0
0.3735437333011199,1.0,8.0,19.0
0.36274045091009377,1.0,8.0,20.0
0.2552421085256532,0.8,9.0,18.0
0.07688972481648026,0.4,14.0,30.0
0.09661336125359232,1.0,0.0,6.0
0.1075749593315587,1.0,0.0,4.0
0.10792129351740698,1.0,0.0,4.0
0.5144172112825063,0.4,15.0,34.0
0.1207930035732705,1.0,4.0,13.0
0.44349568531116146,0.6,13.0,27.0
0.20834004426617891,0.8,5.0,16.0
0.3325400658284422,1.0,0.0,16.0
0.1651281016003524,0.8,5.0,24.0
0.2530849335411398,1.0,0.0,19.0
